[-0.13728357 -1.92744887 -0.27843091],[-0.00239513 -0.42168745 -0.28176909],[-1.26477674 -1.58304832 -1.36881793],[-3.33648754 -2.88097322 -1.60312274],[-7.43399165 -8.30417078 -9.07845804],[-21.82141185 -21.86588189 -21.67268543],[-24.94256418 -22.54379013 -24.94078814],[-23.51698134 -26.26717291 -26.30478017],[-24.39892038 -27.12591386 -27.02472128],[-24.03239146 -27.77554956 -27.65920051],[-28.06292456 -27.60643719 -28.08833318],[-27.96304001 -28.49991433 -28.51651562],[-27.35450482 -29.02978541 -29.05461135],[-29.88775127 -29.95908954 -28.36972398],[-30.04064653 -29.99232985 -27.15597368],[-30.25588728 -30.23979304 -24.03706412],[-30.37857587 -30.37880932 -24.96871619],[-30.11710953 -30.14474569 -27.61840921],[-29.34098679 -29.99483909 -29.94428426],[-29.63655404 -29.68868724 -27.78823626],[-29.33630229 -29.32267934 -26.04913233],[-28.31088166 -24.51684722 -28.29779275],[-27.62318633 -27.64098574 -23.73964983],[-27.15245212 -23.3740205  -27.12362416],[-26.22706111 -26.21496274 -23.38454942],[-1.04640487 -0.76146663 -0.91165809],[-1.70856289 -1.61216496 -1.39612024],[-0.91919403 -0.16564775 -1.34857855],[-1.04917316 -0.75596093 -1.66757498],[-1.06331686 -1.51821457 -0.74883564],[-1.96710372 -0.64147052 -1.56402088],[-0.43386315 -1.99702869 -0.80329149],[-0.15260421 -1.01380605 -1.82276803],[-1.18240827 -0.30789825 -1.70206237],[-1.94297381 -1.47339705 -0.39720458],[-0.13429607 -0.1900179  -0.16010691],[-0.47578944 -0.32269136 -0.42761708],[-0.6208379  -1.59260104 -1.22425308],[-0.53968092 -0.29260381 -0.64301501],[-0.42929644 -1.17412677 -0.03653179]
[-1.88252327 -0.57389662 -1.52850104],[-1.87571361 -1.66606976 -0.43034792],[-1.3636244  -0.04274472 -1.13535164],[-1.57423191 -1.61674579 -1.22228639],[-14.95867718 -15.3390724  -14.98160653],[-22.81072246 -22.76962687 -22.93489475],[-24.65593643 -24.71831922 -21.88319069],[-26.34311767 -26.36190548 -23.64920714],[-26.9272184  -22.73780013 -27.03854139],[-27.75090905 -26.61528731 -27.70705813],[-28.41524437 -28.0956432  -28.45800454],[-29.4431666  -27.92548217 -29.4036115 ],[-30.36125057 -28.07259636 -30.35475391],[-30.65685175 -30.69135501 -27.46065945],[-30.65344713 -30.6970524  -26.30291769],[-30.42510343 -27.94439979 -30.39761494],[-30.02048431 -30.46675006 -30.44389427],[-30.19899769 -30.54742264 -30.55933828],[-30.41553424 -30.15700363 -30.36614732],[-30.17202304 -30.16774946 -30.18968052],[-29.80748598 -29.80410664 -29.7508232 ],[-29.16744432 -29.11029101 -29.19293814],[-28.4701439  -28.55528391 -27.85792312],[-27.49768658 -27.5381227  -23.25479342],[-26.87672802 -26.89697142 -23.04688375],[-26.07732926 -26.10090244 -23.74858552],[-24.658686   -24.70268177 -23.73197693],[-1.95633731 -1.4187258  -0.97953612],[-1.12112203 -1.74178046 -0.06022858],[-0.29566028 -0.61955479 -0.20267584],[-1.14675229 -1.61063295 -1.3178322 ],[-0.27574718 -1.06769487 -1.57500433],[-1.63400419 -0.71395018 -1.82586251],[-1.31004192 -0.7084599  -0.68674358],[-1.28539274 -1.18758156 -1.37564556],[-0.08680436 -1.82180606 -1.06718894],[-0.61535436 -0.59443381 -0.68794868],[-0.88617519 -1.1634128  -0.13475554],[-1.87691126 -0.25172627 -1.98532938],[-0.13045845 -1.58052524 -1.35114768]
[-1.52968721 -1.20837201 -0.04913706],[-1.75488097 -1.476352   -0.80754513],[-1.14611031 -0.98606    -1.93626597],[-4.27998393 -5.13623418 -4.99995776],[-18.83808373 -18.89031535 -18.83681258],[-21.62505816 -23.08879977 -23.13942308],[-24.64650248 -24.32355375 -24.71666088],[-26.87071321 -23.99805503 -26.80899934],[-25.26963524 -27.12607182 -27.17452928],[-27.76529656 -28.46818503 -28.47531177],[-28.0643084  -29.54791698 -29.52788327],[-30.86083849 -27.69035055 -30.90817437],[-31.58164932 -31.55177192 -27.36789507],[-27.67812221 -31.61408482 -31.56968455],[-30.99155654 -31.59576409 -31.56421018],[-32.52998668 -32.58887162 -32.5494669 ],[-33.03187518 -33.03023362 -33.02156373],[-32.93628692 -32.92419655 -32.91886861],[-32.48491985 -32.47662666 -32.47861209],[-32.05322959 -32.01668135 -32.00263096],[-31.62473246 -31.5435287  -31.55959232],[-30.92715536 -30.94562216 -30.8925962 ],[-30.0342821  -30.09804921 -30.05645126],[-29.07251328 -29.10694722 -29.05816697],[-27.83125728 -27.77877896 -26.59701452],[-26.4808531  -26.49017698 -21.99573496],[-25.43212567 -25.48395371 -22.31933476],[-24.60032752 -24.50818412 -23.35633237],[-21.50010133 -21.7159661  -21.57442202],[-1.85020731 -0.30593917 -0.67120416],[-1.05727372 -1.18109408 -0.17423632],[-1.29993708 -1.32037521 -1.50062991],[-1.08266027 -1.81833824 -0.07761614],[-1.15345503 -0.57167853 -1.61924049],[-1.51843552 -0.68184635 -1.23852301],[-0.26525101 -1.42329357 -1.24310667],[-0.005789   -1.3360214  -1.54371432],[-1.122866   -0.22523607 -1.84206592],[-0.21755296 -0.13942851 -1.62802971],[-1.03379008 -1.54941339 -1.65368428]
[-0.66777783 -0.24911976 -1.83684506],[-0.40941583 -0.40502776 -1.4751139 ],[-1.68538999 -1.79143668 -1.66799082],[-12.54034489 -12.35352033 -12.02163347],[-20.50373042 -20.48679299 -20.36672867],[-22.93065259 -22.7706163  -22.82366887],[-25.95775866 -25.59773861 -25.9828614 ],[-25.58125336 -26.70042651 -26.69552003],[-26.97719705 -28.35791864 -28.28836802],[-28.35072191 -29.55678466 -29.6500247 ],[-31.40265029 -31.50374267 -28.56177741],[-28.1785457  -32.31894506 -32.34196904],[-31.59075488 -32.69545653 -32.6932372 ],[-32.49292133 -33.15325041 -33.10525532],[-34.16879056 -34.19723536 -34.24178691],[-34.41434479 -34.40692864 -34.41007655],[-33.96814912 -33.98720988 -33.96292195],[-33.43460451 -33.43776165 -33.41697869],[-32.97517866 -32.97521219 -32.942925  ],[-32.48074126 -32.43693677 -32.42146016],[-31.97149049 -31.94911666 -31.95872146],[-31.58248735 -31.54353945 -31.5374638 ],[-31.06681729 -30.99555726 -31.09406786],[-30.3839884  -30.23614835 -30.23579185],[-29.45245416 -29.45871681 -29.4526453 ],[-28.13826736 -28.09875886 -28.11780259],[-26.63450047 -26.75604686 -26.10354406],[-24.8850698  -24.8610832  -22.85263522],[-24.2110599  -24.18352219 -22.67843808],[-22.01117453 -22.0401375  -22.02304437],[-0.49374789 -0.34069465 -0.6120749 ],[-0.74047784 -1.73749179 -0.98986439],[-1.46607137 -1.82400211 -1.17133994],[-0.25404456 -1.15262842 -0.57799808],[-0.52238947 -0.80734862 -0.58507755],[-0.16223633 -0.91634957 -0.54447261],[-0.68738744 -0.63312302 -1.74544208],[-0.34706315 -1.82606723 -0.56686309],[-1.30379384 -0.97932367 -0.24169104],[-1.24748199 -0.91211256 -1.27758871]
[-1.67413328 -1.44185737 -0.20286137],[-1.73209899 -0.56434699 -0.58157899],[-3.6537886  -1.80971475 -3.95239993],[-14.90741493 -15.00467995 -14.95896055],[-20.27027249 -20.06637414 -20.11521618],[-24.67944424 -24.67739965 -24.84177503],[-26.03061675 -26.01436636 -25.99091716],[-27.52429237 -27.44964064 -26.84906452],[-28.24046061 -29.25909341 -29.41511052],[-30.41466406 -31.6437331  -31.62830183],[-29.99231865 -32.88568694 -32.89260729],[-31.96819155 -33.59176684 -33.53751421],[-34.33536281 -33.97337332 -34.34484128],[-35.47978643 -35.4056656  -35.44230378],[-35.25013506 -35.23719133 -35.19077783],[-34.93539148 -35.23851968 -35.21825261],[-35.55263333 -35.55667498 -35.55631409],[-35.54135029 -35.53316765 -35.42873581],[-35.31929149 -35.33097521 -35.31255586],[-34.98186772 -34.94758226 -34.93704184],[-34.49175285 -34.39665126 -34.6971784 ],[-33.70237197 -33.74244355 -33.54249146],[-32.62617603 -32.77613371 -32.59334573],[-31.35206972 -31.78048213 -31.85966237],[-30.14437616 -29.91787179 -29.75346949],[-29.31679203 -29.24326868 -29.01795255],[-27.96457869 -27.97047025 -27.94610512],[-26.54397351 -26.50770332 -26.40606098],[-24.65744444 -24.65581539 -23.14552501],[-23.73932047 -23.72958822 -21.75668169],[-22.00313398 -21.90532023 -21.39633289],[-1.88546062 -0.31588381 -0.2319865 ],[-1.91927602 -0.15805064 -0.73028102],[-1.89196895e+00 -9.14271943e-01 -7.54848149e-04],[-0.06695405 -1.38138194 -1.79243414],[-1.14503747 -1.39364982 -1.25948133],[-1.95930198 -0.61007409 -1.0296918 ],[-0.32220722 -0.32645018 -1.96207025],[-1.18217433 -0.49255669 -1.990216  ],[-0.40031902 -0.04452624 -0.24488642]
[-1.88099465 -0.71881828 -1.28861867],[-1.81896191 -1.28215555 -1.51128679],[-6.21351339 -6.65569894 -6.9147895 ],[-15.92024057 -15.71673699 -15.98961903],[-21.66473037 -21.74791629 -21.59672978],[-25.21845848 -24.97763594 -25.11699369],[-26.75265693 -26.82539678 -26.82291914],[-28.48720505 -28.89441902 -28.91357011],[-30.03277121 -31.05078705 -31.10196103],[-31.8999365  -32.55189999 -32.63136915],[-32.36724553 -34.26842735 -34.24653057],[-34.8840803  -35.20697655 -35.25161092],[-36.19739247 -36.20889997 -36.2436393 ],[-36.04993412 -36.23465962 -36.22650047],[-36.96114364 -37.3211805  -37.35968811],[-37.82365719 -37.85689626 -37.59818334],[-38.66786909 -38.67839038 -38.64934538],[-38.64849119 -38.69625008 -38.67609863],[-38.54608502 -38.51433778 -38.5421826 ],[-38.29638959 -38.28731708 -38.31773697],[-38.36623952 -38.24873042 -38.39939209],[-37.45058817 -37.55829583 -37.40227823],[-36.06633777 -36.20930411 -36.11067848],[-34.79323583 -34.55754286 -34.78740408],[-32.493806   -32.49015281 -32.04750545],[-31.02683238 -30.7475518  -31.01028792],[-29.13792659 -29.12033232 -28.96803138],[-27.7982178  -27.80714774 -27.48434706],[-26.82501437 -26.76395314 -26.04088266],[-24.26938195 -24.19280104 -22.66570138],[-23.31230319 -20.93121472 -23.27222984],[-21.39933606 -21.33435773 -20.87656545],[-1.55108681 -0.32592917 -0.95196774],[-1.37710006 -1.29780204 -0.26125857],[-0.58723516 -1.67276677 -0.93033985],[-0.97272492 -1.1044595  -0.10085846],[-1.15968747 -0.58041868 -1.68765192],[-0.5987808  -0.68417093 -1.99032179],[-1.8906369  -0.39133838 -0.37505445],[-0.67335127 -1.86849951 -0.46267102]
[-0.49884827 -1.72498853 -1.52178998],[-1.         -1.68961049 -1.97268141],[-11.02718469 -11.27998098 -10.99197219],[-16.74703762 -16.79664113 -17.01514063],[-23.61249822 -23.75230576 -23.55837714],[-25.50030576 -25.67644256 -25.57151072],[-28.068818   -28.21515715 -28.16861925],[-30.17738722 -30.41302589 -30.40446367],[-32.65914837 -32.66306356 -32.62563082],[-33.19545727 -34.51336125 -34.53115601],[-35.53832287 -34.67052685 -35.53686865],[-36.6631165  -36.66310515 -36.71030394],[-36.81389209 -37.17486851 -37.16513741],[-38.69261167 -38.53596733 -38.66176082],[-40.01126771 -40.04561778 -40.09314526],[-40.67900626 -40.61155357 -40.62898796],[-40.91951338 -41.33885368 -41.3479866 ],[-41.95567384 -41.97338488 -42.01349092],[-42.128291   -42.11763246 -42.11451829],[-42.18596575 -42.17301924 -42.14451858],[-42.00386752 -42.12433313 -42.03818603],[-41.47850242 -41.40952954 -41.41165819],[-39.85078264 -39.8349525  -39.27348619],[-37.88907595 -37.72411048 -37.33230571],[-36.21946122 -36.11755007 -35.89736782],[-34.186096   -34.02707506 -33.79225205],[-31.56733141 -31.44855466 -31.63010333],[-30.01542327 -29.95065575 -29.14807669],[-27.41257388 -27.3829486  -26.76558136],[-26.77443459 -26.76166678 -25.82973018],[-23.92359968 -23.93018169 -20.8694544 ],[-22.63039054 -20.43446148 -22.65982411],[-20.77214409 -18.7059978  -20.62555299],[-0.24429331 -0.80367406 -0.75169442],[-0.60528111 -0.68437224 -1.33739114],[-1.27036128 -1.45678663 -0.61657749],[-0.28039215 -0.59639245 -1.7894847 ],[-0.80104991 -1.09651759 -0.66844271],[-0.6902378  -0.77925316 -1.48512036],[-0.42512754 -0.39030708 -1.12724504]
[-0.13508065 -0.44956199 -1.70458964],[-4.53706059 -3.91982326 -4.16280987],[-12.46147508 -12.2339304  -12.36526829],[-18.55141072 -18.84786756 -18.41608176],[-23.17973292 -23.37364478 -23.25033869],[-25.81346699 -25.8196737  -25.93395438],[-29.59247495 -29.71575    -29.78052649],[-31.45951612 -31.76962555 -31.69745864],[-33.51428657 -34.10522482 -34.12955079],[-34.18533914 -35.7162337  -35.69128001],[-37.14024037 -36.99257624 -37.13619756],[-37.54242404 -37.72043847 -37.78150938],[-39.2509348  -39.24855173 -38.84067745],[-41.12437701 -41.12519989 -41.13963024],[-42.94276656 -43.07511333 -43.07491203],[-43.9077381  -43.16926232 -43.94780405],[-44.69337189 -44.70898966 -44.28710053],[-44.01746098 -45.03915635 -45.01290287],[-45.50729869 -45.15826797 -45.47927993],[-45.73111215 -45.75090249 -45.57920422],[-45.71306153 -44.64265998 -45.52446324],[-45.14263796 -44.96253308 -43.06748696],[-43.36792836 -43.6929821  -41.65165605],[-41.97797806 -41.77540987 -40.87553826],[-40.28342218 -40.2712444  -39.31569579],[-37.62230264 -37.43018966 -37.19951523],[-33.94235308 -34.1519546  -33.99666697],[-31.50859168 -31.49534128 -31.24469546],[-29.76642626 -29.22558845 -29.71340899],[-27.51066065 -27.36075797 -26.01347874],[-26.02989127 -26.03585343 -25.08884482],[-23.36977888 -23.23955061 -20.35911458],[-22.03923302 -22.00928817 -19.80061715],[-20.2742536  -20.32324455 -20.34668616],[-0.7136548  -1.43934269 -0.20800167],[-0.74352897 -1.02855226 -0.9042906 ],[-1.11290839 -1.17297579 -0.22193869],[-0.96207096 -1.80219046 -0.61370331],[-0.19857437 -0.61901237 -0.0609154 ],[-1.04407152 -0.67627844 -0.79843983]
[-1.02304486 -0.43315453 -1.12017585],[-5.74673414 -6.25836732 -6.0194489 ],[-13.13102889 -12.84410793 -13.31801263],[-19.11360477 -19.24847403 -19.47966129],[-23.53656569 -23.40212802 -23.59225592],[-26.7414465  -26.79937822 -27.02908785],[-30.72791945 -30.88063414 -30.86734007],[-32.74890531 -33.04337151 -33.02306073],[-34.47797197 -35.27096562 -35.24070963],[-36.09705154 -36.87034643 -36.96565263],[-38.0890899  -38.07199422 -38.12983901],[-38.07897584 -39.2458732  -39.32824984],[-40.97310588 -40.82897188 -40.82195669],[-43.19823142 -43.2785405  -43.35059463],[-44.19550121 -44.90003139 -45.00395429],[-46.08504033 -48.02693587 -47.99517185],[-46.8178671  -49.6753922  -49.76289475],[-50.14717477 -49.68605234 -50.11332477],[-49.91921174 -49.89598177 -49.85461606],[-49.72971095 -49.71013703 -49.69981288],[-49.23515024 -49.21909052 -49.20204038],[-48.83011436 -48.8211592  -48.79230635],[-47.78925111 -47.33741359 -47.82433617],[-46.34955834 -44.69157877 -46.46879736],[-43.71728764 -43.84246699 -41.55475017],[-40.98042982 -41.07761365 -40.15395051],[-38.97068232 -39.00324732 -37.79621518],[-34.3884695  -34.42255326 -33.79907745],[-31.41472687 -31.26741319 -31.54484118],[-29.5776055  -29.70740793 -29.09993896],[-26.7594963  -26.74486964 -25.60680416],[-25.63333068 -25.69216209 -24.14121364],[-22.64144682 -22.58068725 -18.22175614],[-21.1008186  -21.12069635 -19.1669825 ],[-16.72613265 -16.65100891 -16.69786701],[-1.52755579 -0.79516965 -0.91188538],[-1.72457964 -1.22836404 -0.73468407],[-0.93320738 -0.12499347 -0.82952179],[-0.63474515 -0.76300125 -1.51638974],[-1.6642964  -0.26983819 -1.43506375]
[-1.58596225 -1.55757643 -1.43447852],[-6.97634793 -7.63734269 -7.45703678],[-14.12560405 -14.30459095 -14.28562518],[-19.67585361 -19.98862297 -20.00040325],[-23.26824588 -23.2617275  -23.204629  ],[-28.22787063 -28.01517878 -28.24591604],[-31.55171021 -31.91697437 -31.96569661],[-33.62097701 -33.70646363 -33.72734984],[-35.19256145 -36.07906329 -36.08773084],[-37.3758398  -37.58869973 -37.61548629],[-38.84122249 -38.81844364 -38.90846415],[-40.67099162 -40.33972792 -40.74127795],[-42.93440274 -43.01298728 -42.97292305],[-44.43198835 -45.11660363 -45.22071697],[-47.42003449 -49.32531982 -49.39533412],[-47.9815332  -51.7287551  -51.73605612],[-52.09668812 -52.10603196 -52.08334657],[-52.00228627 -52.02257626 -51.97407834],[-51.54110115 -51.63069365 -51.63798084],[-51.21289082 -51.22904724 -51.2030213 ],[-50.72365041 -50.73387212 -50.65001118],[-50.08516453 -50.05683134 -49.84807265],[-49.37839421 -49.50280499 -49.17055026],[-48.40303228 -48.39309531 -48.30667221],[-47.13450415 -47.1244064  -45.96569575],[-45.2042258  -45.15631178 -43.43175013],[-42.1680835  -40.43715576 -42.066526  ],[-39.08711202 -39.13413484 -38.45275742],[-34.61343576 -34.91026145 -34.16246248],[-31.11915954 -31.30439563 -31.31885032],[-28.73986122 -28.89381026 -28.3115985 ],[-26.03276003 -26.02420292 -24.09238033],[-24.52891636 -23.18556206 -24.43946585],[-21.56968285 -21.59109896 -15.07059675],[-20.03691162 -19.99195685 -18.60329703],[-1.60132916 -1.63280634 -1.95173728],[-1.28078425 -1.99361146 -1.13204479],[-0.39148094 -1.82572581 -1.09740488],[-1.29242868 -0.79619489 -1.64371658],[-0.70722678 -1.75655422 -1.27815474]
[-1.23125522 -1.25117627 -1.88160437],[-8.97806934 -9.29777989 -9.41413257],[-14.74045595 -14.27692929 -14.31131383],[-20.31512853 -20.1856413  -20.02623871],[-23.65277798 -24.01674824 -23.92802094],[-29.91785455 -29.92864781 -29.86824679],[-32.53849173 -32.34862596 -32.45216788],[-34.32821492 -34.49959508 -34.3774718 ],[-35.77519054 -36.61815459 -36.63998638],[-39.04415153 -38.96575142 -38.8597017 ],[-39.50075749 -40.57871266 -40.56747438],[-42.04333672 -42.04993918 -41.99849121],[-44.29260298 -44.07984728 -44.15715566],[-45.75537991 -46.29809911 -46.58866454],[-49.5992692  -52.31125761 -52.31502456],[-53.45904349 -52.66039209 -53.45503554],[-53.56754446 -53.56417659 -53.42253371],[-53.77649898 -53.77649809 -53.64762575],[-53.19704991 -53.17661449 -52.9526281 ],[-52.77480447 -52.79657406 -52.28965446],[-52.1240104  -52.11557785 -51.47967766],[-51.57875783 -51.57555679 -50.51351306],[-50.90071073 -50.91925564 -50.17988949],[-49.84363075 -49.87093288 -48.51673003],[-48.41173574 -48.39252512 -47.03069382],[-47.02075808 -46.99452872 -46.04890929],[-45.34696785 -45.3910952  -43.64943705],[-42.68734456 -42.47926368 -40.18670314],[-38.46167471 -38.46367586 -38.25784505],[-32.95842005 -33.01239785 -32.83773035],[-30.63837219 -30.58910581 -30.17579246],[-27.41897987 -27.50093278 -27.18220953],[-25.20433396 -25.18044309 -23.2262883 ],[-22.88670942 -22.83044755 -21.16997506],[-20.78043254 -20.78095825 -16.39159461],[-18.32374931 -18.33053725 -18.3141168 ],[-0.9459677  -0.34462264 -0.80413921],[-1.5658478  -0.44980214 -0.15989155],[-0.13686965 -0.03281907 -1.83910988],[-1.22995986 -1.33616384 -1.65781707]
[-1.92097718 -2.4080287  -1.92144676],[-8.74294996 -1.         -8.91641538],[-15.12027326 -14.94746923 -14.54619095],[-20.42102937 -20.7342495  -20.71198473],[-23.79488736 -23.82531103 -23.80675057],[-30.05473388 -30.12611178 -30.21307806],[-32.71068354 -32.73800472 -32.72345365],[-34.96603863 -34.98820529 -35.05842078],[-36.8184396  -37.23299237 -37.23130435],[-39.50957648 -39.5546111  -39.62588457],[-40.13185881 -41.24394919 -41.29420593],[-42.91780989 -43.0382846  -43.04980477],[-44.82167422 -45.34881291 -45.38405989],[-46.99501834 -47.82644639 -47.54770595],[-51.14353902 -53.89176903 -53.88593283],[-54.9165198  -54.8940451  -54.92499974],[-55.27209824 -55.12840201 -55.2635558 ],[-54.84338074 -55.09788505 -55.09718951],[-54.6291179  -54.6048323  -54.57103587],[-54.02357335 -54.01528901 -53.79565561],[-53.2831691  -53.29473621 -53.07771928],[-52.3780491  -52.38926652 -51.84176289],[-51.43542872 -51.44678955 -49.04863222],[-50.46362159 -48.16172669 -50.43401086],[-49.95167377 -49.94399272 -46.94987889],[-47.87038006 -47.86787643 -44.65798242],[-43.78529026 -46.59071232 -46.5501849 ],[-44.16387951 -44.99216918 -45.00293733],[-41.77673641 -41.78471548 -39.91134614],[-37.92971219 -37.78775781 -37.83496758],[-32.57452014 -32.33724593 -31.97828922],[-28.70719321 -28.81910527 -28.52879625],[-25.80114233 -25.76325238 -24.5151958 ],[-24.19648257 -24.23359788 -22.39408992],[-21.28571967 -21.35032254 -14.28551778],[-19.53788272 -19.53593565 -18.05906471],[-2.69077073 -3.73605359 -2.18785954],[-0.31294986 -1.62230942 -0.3575218 ],[-1.04284136 -0.77472022 -1.19728346],[-1.96058161 -1.09468903 -1.31931103]
[-1.2454639  -1.80277844 -1.66576143],[-8.54426587 -8.90664213 -8.63294549],[-14.499697  -14.4724244 -14.7792079],[-20.42242743 -20.81840065 -20.85465052],[-23.60330109 -24.17990034 -24.01150954],[-30.0320404  -30.31847922 -30.34396176],[-32.67646589 -32.91196953 -32.97174247],[-35.51056663 -35.56563768 -35.67321794],[-37.67224944 -37.59612492 -37.61614039],[-40.10797142 -40.10180467 -40.14919994],[-40.75472887 -41.79112892 -41.87574531],[-43.75490398 -43.91986058 -43.83926003],[-45.59768669 -45.64020453 -45.68500772],[-47.60819863 -47.71410898 -47.80371418],[-52.40300816 -54.85647329 -54.849653  ],[-55.60662619 -55.53923915 -55.61920515],[-56.26589876 -56.55750447 -56.55238927],[-56.52162827 -56.49058853 -56.41730001],[-56.07675593 -56.07866785 -56.04379076],[-55.56968686 -55.51200309 -55.55577402],[-55.17652488 -55.17321409 -54.8492419 ],[-54.09529913 -54.08454748 -53.83703798],[-53.10239743 -53.27192561 -53.09693156],[-51.15877453 -51.12825052 -49.8077839 ],[-49.95755352 -49.96492194 -46.27891371],[-49.48925499 -49.48682396 -45.60808494],[-47.10212471 -47.16094437 -43.81106198],[-45.81126654 -44.31565501 -45.77706879],[-43.61775634 -43.65181662 -41.77659762],[-39.21306603 -39.21245154 -38.70689497],[-35.56386742 -35.58499236 -35.7445213 ],[-30.2172881  -29.99305339 -30.22820546],[-26.89974431 -26.80860094 -26.97019944],[-24.35051223 -24.43528413 -22.09911253],[-21.86150618 -21.87557647 -20.93236606],[-19.90571886 -19.9319228  -17.52223967],[-16.20677686 -16.06385742 -16.08415492],[-0.0119995  -1.14163718 -1.80022603],[-1.25267315 -1.75594109 -0.6357054 ],[-0.28338652 -1.49026337 -0.75949883]
[-1.46153618 -1.4980206  -1.82012556],[-8.40497656 -8.41573617 -8.58752786],[-14.47352966 -14.50496355 -14.91771561],[-20.70444072 -20.73881356 -20.69710814],[-23.94361714 -24.3513924  -24.33082668],[-30.11589245 -30.41735213 -30.09265983],[-32.92191492 -33.22467617 -33.13506914],[-35.98313427 -35.99227141 -36.14530959],[-37.44225322 -37.93868835 -37.94431006],[-40.60214321 -40.57609048 -40.59353376],[-41.44824625 -42.22339157 -42.22923759],[-44.23813659 -44.19656105 -44.37442603],[-46.33183378 -46.35399522 -46.43424686],[-47.56487177 -48.30081616 -48.36524004],[-51.88930374 -55.48211879 -55.46754398],[-55.25411824 -56.1025754  -56.13555744],[-57.23277872 -57.58554392 -57.58667615],[-58.06343361 -58.23350668 -58.21619248],[-58.22617735 -58.23209304 -57.98840397],[-58.05234556 -58.04942636 -58.05834706],[-59.67482654 -59.69029265 -59.24212098],[-58.53835223 -58.51683554 -58.27489683],[-56.34738124 -56.08937326 -56.39944238],[-52.77328568 -52.66987455 -52.43019814],[-50.32071148 -50.34841008 -50.21055913],[-49.26809593 -49.26475603 -46.29843339],[-48.71810736 -48.71956615 -46.87210495],[-46.17020825 -45.42963617 -46.06532143],[-44.63470477 -44.62876835 -44.12397198],[-41.85995769 -41.86954426 -38.82564648],[-37.82201972 -37.77065318 -37.60748509],[-32.89887316 -32.66867037 -32.65734704],[-27.90097013 -27.94158027 -27.88445062],[-24.84950536 -24.90290386 -23.62933218],[-22.86423407 -22.76671134 -20.9067967 ],[-20.53535366 -20.49516234 -17.11938064],[-18.00783831 -17.91361519 -17.60860901],[-1.67996157 -1.32839189 -1.45655329],[-0.66276657 -1.90082867 -0.60508085],[-0.22731761 -0.09269268 -1.56579785]
[-1.29852063 -1.40374134 -1.46673105],[-7.40248908 -7.26217816 -7.53160421],[-13.68518963 -13.51862832 -13.87303853],[-20.32873862 -20.31079573 -20.39460733],[-22.82618228 -24.26240528 -23.94531953],[-30.05657898 -30.0266031  -30.31712527],[-32.29287976 -32.74788785 -32.88863635],[-35.91462648 -35.99524483 -36.01423235],[-37.40267237 -37.79899306 -37.76673151],[-40.31252014 -40.60551257 -40.60528472],[-41.89885304 -42.11433944 -42.10849382],[-43.86709093 -44.17863002 -44.3612341 ],[-46.55169587 -46.57239105 -46.691965  ],[-47.47076508 -48.64942567 -48.64803588],[-52.74797053 -55.30252817 -55.3102677 ],[-55.73592226 -56.48444247 -56.46393973],[-57.1982741  -57.72417608 -57.73161289],[-58.59302419 -59.12625758 -59.13568355],[-59.70007393 -60.32825822 -60.34698517],[-61.5883201  -61.58123125 -61.02880923],[-61.35210302 -61.36797368 -60.8943531 ],[-60.02987135 -60.06326494 -60.03968696],[-59.53884105 -59.57583789 -59.03683084],[-56.04325794 -55.74267043 -55.84398652],[-51.73514866 -51.67293548 -51.27356997],[-49.18459463 -49.20282867 -48.9856154 ],[-48.85379482 -48.82194605 -47.36495801],[-46.48812876 -46.34615953 -46.22716617],[-44.9742981  -44.82220206 -44.86231745],[-43.00168205 -42.97021693 -41.49959947],[-38.88778547 -38.69082268 -38.20384949],[-34.95315511 -34.73627994 -33.96734677],[-28.93197851 -28.1389369  -28.1375779 ],[-25.46518112 -25.47831474 -24.95534813],[-22.92705854 -22.69376144 -20.36931514],[-20.54066976 -20.37057344 -18.80681378],[-18.12632219 -18.13891419 -16.96762381],[-3.3252276  -3.48937024 -3.25356169],[-1.64289974 -0.02257262 -0.6616225 ],[-1.60645232 -0.11108202 -0.59509792]
[-0.88649977 -1.2627449  -1.83413264],[-5.88695084 -5.86258028 -6.21648536],[-12.59264775 -12.76117577 -12.96274518],[-19.19748041 -19.22509734 -19.24061024],[-23.20604215 -22.74834516 -23.35801921],[-29.15115897 -29.21365044 -29.53022837],[-31.88875691 -32.1776112  -32.24810353],[-35.22079216 -35.82965416 -35.83019201],[-37.20698267 -37.55648975 -37.69981902],[-39.41958179 -40.44707851 -40.59578941],[-42.1762251  -42.19406145 -42.18219158],[-42.86347005 -44.0991427  -44.30003315],[-46.24782522 -46.34716092 -46.33456602],[-48.01263768 -48.44627931 -48.57251231],[-52.07771335 -52.63185523 -52.62010419],[-55.00515819 -56.54511996 -56.55730133],[-56.9676747  -57.55817622 -57.58522649],[-58.25768341 -58.59682144 -58.59579859],[-59.84315037 -60.28351779 -60.27140261],[-60.79453654 -61.36424847 -61.37695093],[-61.38366326 -61.84287541 -61.83312509],[-59.92884207 -59.88141033 -59.72421099],[-59.51789681 -59.50112402 -58.77551577],[-57.55256496 -57.55492141 -57.49970083],[-53.01494493 -52.9266014  -52.84104052],[-49.65483171 -49.68271789 -49.35027883],[-48.52037999 -48.52669673 -47.7801223 ],[-47.35363378 -47.32003351 -46.72810924],[-45.16638302 -45.26934013 -45.19818352],[-43.0845625  -43.0914682  -42.39925437],[-39.73901079 -39.47468736 -37.88263985],[-36.38149866 -36.26038645 -36.00912949],[-28.9794053  -28.40069838 -27.91176756],[-25.59667467 -25.5267635  -25.09167964],[-22.65950222 -21.39422817 -22.43736152],[-20.44879052 -20.19368414 -19.05497366],[-17.98489397 -17.97336394 -16.44707385],[-15.94216546 -15.98317727 -15.95149675],[-0.06559195 -1.5577265  -0.55185485],[-1.26962819 -0.02646358 -1.49900263]
[-0.40822079 -1.45299469 -0.95708067],[-5.38250131 -5.48293887 -5.36909587],[-11.16325234 -11.03036645 -11.17517754],[-16.57879588 -16.28154859 -16.3809572 ],[-20.65388249 -21.82021925 -21.85433409],[-27.51839831 -27.68378635 -27.99025765],[-31.05029943 -31.72387763 -31.81964511],[-34.94164646 -34.96039475 -35.0188905 ],[-37.17887108 -37.11254393 -37.43004575],[-38.69689571 -39.61344021 -39.52661965],[-41.8446565  -41.72594537 -41.81935391],[-42.98656473 -43.20104713 -43.14076475],[-45.699852   -45.65301722 -45.64818589],[-47.37246811 -47.47448688 -47.54450277],[-49.5098513  -50.34487833 -50.16565366],[-53.36962813 -55.46372879 -55.44712425],[-56.32029688 -57.25239022 -57.3609446 ],[-57.946152   -58.50636831 -58.51618488],[-58.82175368 -59.41955286 -59.41967483],[-59.61977229 -60.20067866 -60.20439875],[-60.23227907 -60.41954379 -60.4345858 ],[-59.51904711 -59.45402056 -59.35552223],[-59.12892778 -59.13799507 -57.9536563 ],[-57.35663232 -57.36308787 -56.57966992],[-54.03446397 -54.00540352 -54.01827472],[-49.85726276 -49.86250858 -49.60978966],[-48.12746715 -48.12478079 -47.97291395],[-47.33355369 -47.35670498 -46.43051931],[-45.06390725 -45.07971411 -45.06046084],[-42.9854098  -42.96264561 -41.97359095],[-39.81908231 -39.61721619 -39.61115247],[-36.13781599 -36.18648149 -35.79982635],[-28.65733219 -28.32689807 -27.67280895],[-25.53908998 -25.35649577 -25.40078663],[-22.34634028 -22.23606668 -20.76944575],[-20.31269618 -20.14826318 -18.97348357],[-17.82795978 -17.70487118 -15.87091204],[-15.09421729 -15.13625816 -15.14514336],[-0.78911639 -0.1855287  -1.80756087],[-0.91659977 -1.08802378 -1.80474866]
[-1.25384127 -1.56264029 -1.88074605],[-3.8948741  -3.73866138 -3.77655677],[-10.12539374 -10.21682747 -10.09616942],[-14.13243147 -14.08995454 -14.26512612],[-20.86195463 -20.9097097  -21.07762834],[-25.44587003 -25.62256378 -25.27475998],[-30.44958146 -30.44993024 -30.54787063],[-33.39679563 -33.54413399 -33.57008579],[-36.83302946 -36.79450403 -36.91155581],[-38.37318705 -38.2250093  -38.41220057],[-40.49545537 -41.09728881 -41.06350395],[-43.05850029 -43.0673635  -43.03995377],[-43.86114014 -44.20172597 -44.24372402],[-46.81695436 -46.48045702 -46.81132458],[-48.7936212  -48.84118253 -48.88034159],[-50.53712171 -51.56733137 -51.50099161],[-54.64887318 -53.98358984 -54.73818441],[-56.58287831 -58.01874848 -58.02027498],[-57.91799611 -58.96845953 -58.97685761],[-59.09176666 -59.62974332 -59.63693444],[-59.54370886 -59.87721273 -59.87302952],[-59.14988559 -59.10464402 -58.78184136],[-57.12062583 -57.215938   -56.74457348],[-56.61765782 -56.58367504 -55.80521071],[-53.99560268 -53.98382699 -53.90080396],[-49.78988103 -49.69185879 -48.95628407],[-47.65570148 -47.67535275 -47.66114008],[-46.72913577 -46.65085892 -45.79768178],[-44.6283259  -44.67751286 -44.61703264],[-42.38038051 -42.41978517 -42.09476727],[-39.82691485 -39.55761592 -39.58414455],[-35.8057261  -35.93772343 -35.0106727 ],[-28.40169647 -28.19144663 -27.60700641],[-25.27219947 -25.36087071 -25.2062209 ],[-22.29894053 -22.1447352  -20.44044805],[-19.69904136 -19.71605753 -18.61922967],[-17.47879972 -17.44452002 -16.13031239],[-15.81100949 -15.86101843 -15.78245872],[-0.10582636 -0.9597676  -0.19560392],[-1.77655708 -1.9395341  -1.2029685 ]
[-1.05330345 -1.63822835 -1.52764356],[-1.69701673 -1.95002366 -1.7283259 ],[-8.33486012 -8.19196369 -8.33657341],[ -8.14310498 -11.65760796 -11.62942342],[-18.66803266 -18.47916721 -18.39163307],[-21.07816082 -23.7951492  -23.75410135],[-29.14873194 -28.98556406 -28.98387873],[-31.92549829 -31.33774443 -31.84667765],[-34.40152321 -35.24971137 -35.27004173],[-37.64846152 -37.6891825  -37.58649293],[-39.65703722 -39.28320307 -39.70753508],[-41.97051825 -42.08924309 -42.11091749],[-43.63970336 -43.57582041 -43.65323722],[-45.00733285 -44.79663569 -45.12489086],[-47.55433836 -47.61547483 -47.59894139],[-49.57811762 -49.41565733 -49.43233782],[-50.4330937  -50.96980692 -50.89736907],[-52.05262327 -54.27011283 -54.12838323],[-54.38877582 -55.18242918 -55.2521218 ],[-55.71314131 -55.90571641 -56.02873923],[-56.28829907 -56.30057955 -56.29782264],[-56.09420786 -56.08358455 -55.583617  ],[-54.98365457 -55.71893334 -55.71061287],[-54.34529879 -54.42408786 -54.20807077],[-52.97346617 -53.00299908 -52.60206589],[-49.27595387 -49.21926635 -47.89610357],[-47.30033034 -47.25323474 -47.11518954],[-45.98249707 -44.89802338 -45.96160678],[-44.12507358 -44.10802198 -44.02426063],[-41.89609943 -41.95761943 -41.79469722],[-39.37238298 -39.11662203 -39.13857015],[-35.44821301 -35.49477928 -35.11964619],[-28.3627736  -27.91999565 -28.13948444],[-24.95486953 -25.09496955 -24.85220874],[-21.71395875 -21.67991357 -19.54689519],[-19.23711595 -19.20329471 -17.99856454],[-16.82735193 -16.917825   -15.93101747],[-15.2230022  -15.22525093 -15.2070528 ],[-0.39265098 -0.10522368 -1.99277181],[-1.33910814 -0.01802775 -0.9027972 ]
[-1.39718541 -1.51274057 -1.66668861],[-1.31756169 -0.0720417  -0.23838344],[-5.73930926 -5.76133893 -6.02453419],[-10.70242192 -10.75471149 -10.3793929 ],[-14.50579793 -14.4092195  -14.30893733],[-19.31534469 -20.9665174  -20.75181501],[-24.53990539 -25.35182095 -25.47044011],[-30.13646586 -30.61904634 -30.47223458],[-33.10299535 -33.52969444 -33.4013909 ],[-36.812889   -36.75385442 -36.68760222],[-38.14650049 -38.10178376 -38.24984913],[-39.48827218 -40.27640711 -40.22426826],[-42.40563446 -42.61826894 -42.64756733],[-43.98401031 -43.82706946 -43.89872504],[-44.84431058 -44.13442115 -44.77674341],[-47.9716224  -47.83700174 -47.89109714],[-49.19701135 -49.18799007 -49.2015889 ],[-50.21284049 -50.206027   -50.44521918],[-51.44422165 -51.23813375 -51.3905669 ],[-52.11565603 -52.21547806 -52.40233503],[-52.54845782 -52.53215964 -52.53548419],[-52.93495314 -52.91432649 -52.91472372],[-52.70529544 -52.7018956  -52.54734257],[-52.5661746  -52.61647891 -52.59217383],[-50.56877342 -50.38806057 -50.34586062],[-47.58427939 -47.50642094 -47.25162316],[-46.31382396 -46.28828615 -45.89696953],[-44.73837057 -44.70004763 -44.35916106],[-43.07718986 -43.01605553 -42.91965528],[-41.24707965 -41.25877615 -40.94858304],[-38.93315934 -38.99019668 -38.56922817],[-34.98535968 -34.89670235 -34.34412201],[-27.936489   -27.78524124 -27.42493305],[-24.16752089 -24.23740855 -24.33440628],[-21.04783598 -21.06992227 -18.28946792],[-19.00825273 -18.91516818 -17.17156788],[-16.4860908  -16.48483659 -15.27065042],[-14.63889489 -14.58364371 -14.60404084],[-1.26656789 -1.27373411 -1.39480295],[-0.80765863 -0.10398955 -0.96019295]
[-1.78458716 -0.05325685 -0.37229271],[-0.10566874 -1.3378991  -0.873945  ],[-2.31041142 -2.25332213 -2.36997619],[-8.87779399 -8.93927431 -9.08241332],[-12.747934   -12.69818967 -12.86693777],[-16.49789723 -16.37725924 -16.68491455],[-20.87359043 -22.34694648 -22.31447544],[-28.88472015 -28.9590087  -28.98116486],[-30.97279901 -31.12381915 -31.26706472],[-33.80100023 -34.06957313 -33.92209245],[-36.89284473 -37.13265623 -37.09130255],[-38.22799361 -38.36618704 -38.28277554],[-40.05961106 -40.86466642 -40.90412377],[-42.91672095 -42.93295585 -42.89764885],[-44.016472   -44.05971355 -44.0310885 ],[-44.27485166 -44.24835084 -44.26886328],[-46.4908497  -45.91956961 -46.4481312 ],[-48.12863166 -48.18832237 -48.1510109 ],[-49.28530377 -49.5282294  -49.34459032],[-49.6310649  -49.63430591 -49.64983211],[-50.06232456 -50.08831021 -50.06773686],[-50.4375244  -50.47054699 -50.46057401],[-50.69705356 -50.68551082 -50.68477576],[-49.46758878 -49.7901624  -49.77758344],[-48.12200457 -48.15855919 -46.43312947],[-46.47184262 -46.52637585 -46.50457771],[-45.08568158 -45.10551904 -43.65721595],[-43.67484111 -43.61806471 -43.63001222],[-41.93409297 -41.96602982 -41.38245279],[-40.17613348 -39.95371178 -40.35181112],[-37.061338   -36.95927681 -36.55083643],[-34.05418697 -34.07928023 -33.84375156],[-26.66954675 -26.53076874 -26.36647032],[-23.04364587 -23.19372572 -23.10744363],[-19.77856686 -19.82610381 -17.69569802],[-17.91416089 -17.85679699 -16.38946342],[-15.59081079 -15.58426692 -14.56451701],[-12.73642296 -12.86093832 -12.79673046],[-1.67363743 -1.02384126 -1.95806175],[-0.11627893 -0.49628345 -0.0526622 ]
[-1.80901884 -1.24303698 -1.28449151],[-1.35987114 -1.14789782 -1.30562164],[-0.74376654 -0.61018312 -0.96066706],[-6.35623002 -6.62018203 -6.49360997],[-11.12436129 -11.17026094 -10.98073707],[-14.85872745 -14.40059257 -14.62417545],[-18.96697478 -19.0250089  -19.2128556 ],[-22.75410546 -23.976641   -24.14407728],[-28.974984   -29.09560724 -29.09477693],[-31.23768709 -31.80056936 -31.96849405],[-34.30440179 -34.30003516 -34.5542994 ],[-37.06438886 -36.9795897  -37.10976046],[-38.43389255 -38.41139169 -38.56639633],[-39.40417667 -40.65066034 -40.6426647 ],[-43.02977509 -42.9316349  -43.04220183],[-43.79528005 -43.6879432  -43.7123433 ],[-44.24485147 -44.31052003 -44.23804284],[-44.80999067 -44.72393566 -44.8108524 ],[-45.19061781 -45.93671776 -45.92127659],[-46.79200351 -47.14725229 -47.00263875],[-47.2547099  -47.29303995 -47.27441281],[-47.14288948 -47.13031869 -45.99770414],[-47.17506409 -46.34847839 -47.17184395],[-46.35272301 -46.8063001  -46.79730161],[-45.95530457 -45.88251957 -45.94532779],[-45.1502541  -45.18274285 -43.01614065],[-43.66433597 -43.65740165 -43.24531467],[-42.15273041 -42.06668192 -42.18817155],[-40.5821974  -40.50584955 -40.30545813],[-38.91799438 -38.8507657  -38.8469308 ],[-35.72104276 -34.46063408 -35.66055645],[-32.1691944  -32.19900581 -31.81011723],[-25.51721747 -25.64625306 -25.53016382],[-21.29581225 -21.28531588 -20.49820458],[-18.89611914 -18.89267691 -16.40315991],[-16.57673631 -16.60088725 -15.84038328],[-14.58806783 -14.67558975 -14.35323826],[-13.19652656 -13.27289654 -13.32009014],[-1.71177821 -1.6619328  -0.38126305],[-0.76017697 -0.04078492 -1.49451568]
[-0.16323511 -1.9454342  -0.86428812],[-0.37457119 -1.56555501 -0.01520415],[-0.70087102 -0.78898899 -1.94636689],[-1.72487993 -1.65527912 -1.95910972],[-8.33562767 -8.38041927 -8.53365212],[-12.58604677 -12.65104629 -12.62825698],[-15.19115622 -15.68041457 -15.72333455],[-19.68617219 -20.28394085 -20.34556343],[-23.35249747 -25.18004073 -25.12031243],[-29.50432094 -29.38438834 -29.3657136 ],[-31.91680631 -32.53608321 -32.46598871],[-34.60137641 -34.90371041 -34.93941562],[-36.91189743 -36.73942162 -36.76657415],[-38.33787462 -38.47389766 -38.43446463],[-38.93538262 -40.00149991 -40.0426974 ],[-41.8448617  -40.7933199  -41.93598533],[-43.06191126 -42.94851587 -43.01209271],[-43.57520777 -43.59186949 -43.52028374],[-44.09347266 -44.206496   -44.14134332],[-44.77091998 -44.72431534 -44.73811981],[-44.94151463 -44.93283039 -44.91733467],[-45.01632875 -45.00285754 -45.00428984],[-45.11076188 -45.13145344 -45.10858876],[-44.54107287 -44.75110363 -44.78083236],[-43.57336756 -42.65542512 -43.55135104],[-42.66611869 -42.58722514 -42.33879467],[-42.16317376 -42.21423542 -42.22211467],[-40.65711858 -40.73270655 -40.1238055 ],[-39.57055531 -39.58042761 -39.05136972],[-36.95729759 -36.93039052 -36.59037427],[-34.33685434 -34.11093725 -31.78469264],[-27.53839707 -27.41060892 -27.01850983],[-24.59800295 -24.57872006 -24.51269716],[-19.89233238 -18.88708661 -19.89636985],[-17.43588842 -17.37083453 -15.70244607],[-15.60899529 -15.60677039 -15.23737691],[-13.64076934 -13.64626271 -13.61970986],[-10.7477148  -10.92512106 -10.68356952],[-0.42097606 -1.7447636  -0.53298063],[-1.08156763 -1.97264468 -1.25244913]
[-0.21806414 -1.22687314 -0.38169691],[-1.61681052 -0.10807816 -0.77807102],[-1.79962211 -0.40710146 -0.5544863 ],[-0.19146753 -1.16284469 -0.27915805],[-3.89935476 -3.80229724 -4.28084037],[-10.04380911  -9.90068311  -9.99031384],[-13.39513905 -13.34950298 -13.23597868],[-16.57495478 -16.8609493  -16.73635329],[-20.68309694 -21.32542657 -21.2699224 ],[-24.46233473 -25.44834552 -25.51329147],[-29.41380642 -29.50992917 -29.65288276],[-31.91786429 -32.26847198 -32.25362412],[-34.00879138 -34.84508234 -34.84683368],[-36.20454603 -36.01762803 -36.34477605],[-38.00258701 -38.08745601 -38.06112454],[-38.89637757 -39.10529991 -38.88987047],[-39.33075339 -40.22867121 -40.3666065 ],[-39.92916568 -41.06922686 -41.19923252],[-41.59798899 -41.94019965 -41.91240459],[-42.47039534 -42.43382302 -42.47187751],[-42.44424555 -42.4865351  -42.46231893],[-42.49600686 -42.52570196 -42.30757714],[-42.48772481 -41.98936805 -42.47168015],[-41.94198895 -41.88233332 -41.79804224],[-41.80306279 -41.63432597 -41.77628706],[-41.60835461 -41.58888098 -41.62312799],[-39.82781961 -40.06738849 -40.06435593],[-39.12094608 -39.13734112 -38.37749516],[-37.4618061  -37.35864588 -37.40565306],[-35.07752896 -33.99922639 -34.80147465],[-30.54216    -30.53341475 -30.54032047],[-25.52198963 -25.97754202 -25.26441041],[-21.61210536 -21.96478318 -21.66741572],[-18.28175929 -18.22424788 -16.86674989],[-16.09416786 -16.09679981 -15.03087629],[-14.33266503 -14.3169533  -12.82660596],[-12.97844586 -12.99255829 -12.79312138],[-1.54032945 -1.01983637 -1.7202297 ],[-0.30634894 -0.91245739 -1.78865726],[-0.38723192 -0.80040533 -1.13976519]
[-0.52030873 -1.71799824 -1.6755603 ],[-1.36577536 -1.60529979 -1.86205784],[-0.85983116 -1.79236242 -0.30719443],[-0.51953701 -1.73140415 -0.62944122],[-0.96902542 -1.70246436 -1.29107775],[-5.73823775 -5.80790404 -5.67922053],[-10.92446971 -11.35884018 -10.9771425 ],[-14.13745585 -14.18900362 -14.3249122 ],[-17.03776702 -17.47983031 -17.20896975],[-21.35749438 -21.36420596 -21.46684078],[-24.76497428 -25.68072397 -25.83464177],[-29.07112218 -29.29602164 -29.13350893],[-32.00254602 -32.01370507 -32.13573714],[-33.6204632  -34.19046292 -34.15741246],[-35.01647662 -35.5055735  -35.37526875],[-36.75404802 -37.00086859 -37.00942329],[-37.88982572 -37.83151922 -38.01184661],[-39.26787572 -39.37254436 -39.36931633],[-39.98356279 -39.93256475 -39.9550192 ],[-40.36422407 -40.37381214 -40.41282091],[-40.70618146 -40.72300824 -40.71717505],[-41.05421675 -41.05127709 -41.03265136],[-41.36088924 -41.3750793  -41.33749545],[-41.08604577 -41.02443432 -41.00748635],[-39.65550607 -39.58987916 -39.44659823],[-39.05045995 -38.99911085 -39.01357054],[-38.39421384 -38.42757373 -37.77197498],[-37.31263701 -37.26406101 -36.7221814 ],[-34.85740845 -34.89308541 -34.83162061],[-32.50355847 -32.50294191 -30.78430124],[-26.48263146 -26.49813287 -27.01371863],[-23.82586106 -23.5932474  -23.64719779],[-19.07045133 -18.85198983 -19.13330863],[-16.60323453 -16.53930931 -14.67193587],[-14.82768665 -14.83359016 -14.08640877],[-13.29853656 -13.32483648 -12.13578854],[-11.1444491  -11.18328874 -11.13810543],[-0.7839745  -1.98269659 -1.82968577],[-0.59893829 -1.36635899 -1.09543692],[-0.68730054 -0.050693   -1.93167966]
[-0.66988881 -1.91641114 -0.24179092],[-0.630066   -1.36962482 -1.41199296],[-0.7455691  -1.33817975 -0.01467588],[-1.85447813 -0.69273249 -0.64702275],[-1.28909513 -0.1001523  -1.71543026],[-0.95458952 -1.33016239 -0.86752059],[-7.52866409 -7.97308238 -7.72367627],[-11.73387607 -11.9270264  -11.80219657],[-14.66401654 -14.77720272 -14.80624212],[-17.38871558 -17.84984686 -17.77573409],[-21.35960965 -21.31233844 -21.34203663],[-24.04079856 -25.3110914  -25.34032188],[-28.08205179 -28.04189243 -28.22622419],[-31.92150622 -31.51962335 -32.11198873],[-32.85884107 -33.6685663  -33.68505908],[-34.92122887 -34.83700848 -34.93147908],[-35.4486222  -35.61990347 -35.71541825],[-36.66603502 -36.35431928 -36.62151863],[-37.46713901 -37.23865816 -37.39473108],[-37.87606942 -37.90241121 -38.01977046],[-38.02565078 -38.01901263 -38.00611588],[-38.05569964 -38.02824097 -38.06983793],[-38.14097615 -38.17083404 -37.79747634],[-38.02382454 -38.05881496 -37.86495724],[-37.94136776 -37.60095344 -37.94458853],[-37.15920535 -36.67302626 -37.11736449],[-36.35390671 -36.28859134 -35.54689337],[-34.98840586 -34.93382362 -34.42957753],[-32.1581995  -32.16124889 -29.79399801],[-27.49287185 -27.34049779 -27.2306185 ],[-24.36200771 -24.02375566 -24.42375067],[-20.24305949 -20.08597604 -20.05194716],[-16.954021   -16.90714821 -15.61993401],[-15.0194291  -15.00949238 -13.82606254],[-13.58717241 -13.59642591 -12.76697215],[-11.60462029 -11.57967323 -11.37577117],[-10.42648855 -10.36682339 -10.4857088 ],[-0.25420933 -1.29371973 -0.85284366],[-1.72016651 -1.80086453 -1.03487288],[-0.26106687 -0.34628145 -1.4391864 ]
[-0.99632585 -1.69867339 -1.86004108],[-1.19540266 -0.15429949 -1.63328768],[-0.30047003 -1.45008911 -1.69512766],[-1.7584905  -0.96684669 -0.45887635],[-0.5072059  -0.57271215 -1.5545106 ],[-1.72419115 -1.25151023 -1.2487036 ],[-2.32746864 -2.27107802 -2.14929223],[-8.50462735 -8.32519336 -8.20273218],[-12.21336362 -12.23353352 -12.29023845],[-15.06709667 -15.10006612 -15.09034184],[-17.80211135 -18.21727836 -18.02359039],[-19.96027561 -21.02641013 -21.00480077],[-23.65256827 -24.94351958 -24.89145529],[-27.08989129 -27.41860942 -27.58641409],[-30.37053329 -30.47350418 -30.45252948],[-31.97047298 -32.41328699 -32.3661067 ],[-33.64326504 -33.13843579 -33.70191904],[-34.42072621 -34.28222934 -34.62354884],[-35.16112868 -35.28470861 -35.27732984],[-35.67234403 -35.61482552 -35.60863412],[-35.93551959 -35.95384753 -35.98692917],[-36.20235265 -35.97511106 -36.21491991],[-36.2130783  -36.24376782 -36.20226946],[-35.92929471 -35.93940707 -35.53991637],[-35.0987003  -35.70099436 -35.64591622],[-34.80985834 -34.85874321 -34.78758609],[-34.02264584 -33.8806729  -33.86985386],[-31.90494746 -31.99759624 -29.28660697],[-28.30395256 -28.20347741 -28.21845595],[-25.48951862 -25.60119943 -25.42453976],[-21.5181033 -21.1844296 -21.6267465],[-17.48228855 -17.52524461 -17.15342621],[-15.1914819  -15.17547612 -13.54472172],[-13.5011263  -12.88454093 -13.49968334],[-11.93025083 -11.9784848  -10.95380574],[-10.98910265 -10.99877525 -10.96631577],[-1.9169302  -0.33655016 -1.98219957],[-1.07717899 -0.79192972 -0.42881354],[-1.66708345 -1.20572506 -1.53960292],[-0.35366743 -0.81662625 -0.68449456]
[-1.20444831 -1.07739223 -1.87110276],[-0.18307851 -1.56314588 -1.07545193],[-0.52290717 -0.60877074 -1.12122032],[-1.32690288 -1.39459035 -1.71693304],[-0.05605066 -1.91558457 -0.27769435],[-0.94833945 -0.03078368 -0.87767892],[-0.55815201 -0.91752522 -1.96928028],[-2.60592492 -2.82281104 -3.16825572],[-8.32406443 -8.32690877 -8.56741324],[-12.60576151 -12.82087608 -12.58055402],[-15.45487004 -15.66919897 -15.47742165],[-17.56691359 -17.55470519 -17.5754453 ],[-20.0156987  -20.07799234 -20.03568129],[-23.35882487 -23.9529218  -23.88829643],[-26.73316933 -26.22838165 -26.94983265],[-28.86452531 -28.71758935 -28.79379694],[-30.2623017  -30.41193768 -30.52208484],[-31.62588767 -31.39767739 -31.71445428],[-31.97172819 -32.21590851 -32.10147066],[-32.78484459 -33.07947561 -32.99998576],[-33.61728059 -33.48527117 -33.5195126 ],[-33.66764834 -33.69762936 -33.6279957 ],[-33.77708559 -33.75854404 -33.75233165],[-33.5660889  -33.56726948 -33.6198478 ],[-32.83277141 -32.70901328 -32.76532275],[-31.68764947 -31.68819007 -31.3490544 ],[-30.10241684 -30.00162048 -28.43935191],[-27.94596053 -27.89657066 -27.76413569],[-24.64900341 -24.44978051 -24.78599899],[-22.09062954 -21.92689184 -21.97003264],[-18.08962618 -18.2550172  -18.13480735],[-15.33658877 -15.38512967 -13.90290885],[-13.40071549 -13.39803594 -12.40733587],[-11.77436157 -11.80867692 -10.779632  ],[-10.37953136 -10.3966344  -10.14789184],[-10.06335589 -10.0624289  -10.06183752],[-0.36273964 -0.74813856 -0.09839912],[-0.96542134 -1.70932438 -0.49660553],[-1.67563479 -0.32077558 -0.63919173],[-1.28358031 -1.4690061  -1.1194628 ]
[-1.68464041 -0.7665944  -0.6215113 ],[-0.70024472 -1.02875074 -0.90459035],[-0.40404873 -1.65150103 -1.8567894 ],[-0.55513199 -0.21253405 -0.93175079],[-1.85419819 -1.71713897 -1.50052937],[-1.21854601 -1.93863454 -1.95955146],[-0.33442315 -0.89720197 -0.67744831],[-0.34727429 -1.52132631 -0.09993495],[-2.34956137 -2.42352486 -2.76399286],[-9.00956713 -8.69923374 -8.90689046],[-12.80655195 -13.10610385 -12.83391765],[-15.65188488 -15.69450741 -15.66567914],[-17.45524237 -17.70698422 -17.73479871],[-18.77653613 -19.25553984 -19.27807435],[-22.47849923 -21.92905642 -22.91397402],[-24.63837625 -25.5414638  -25.49877505],[-26.3817226  -26.24490157 -26.47049178],[-27.802084   -27.90820383 -27.88720917],[-29.22572913 -29.198194   -28.97540911],[-29.61168617 -29.97299381 -29.73699314],[-30.57260501 -30.24548629 -30.27077996],[-30.55151509 -30.531702   -30.55171578],[-30.55389158 -30.53592379 -30.52234907],[-30.36443363 -29.94932548 -30.37230607],[-29.54532603 -29.17618617 -29.51409678],[-28.68150964 -28.71215111 -27.30942176],[-26.40391416 -26.33283938 -26.47098858],[-24.37666704 -24.23004527 -24.43941014],[-21.88304133 -21.73613939 -21.69733593],[-18.20719336 -18.30802968 -18.20678275],[-14.98298476 -14.67541209 -15.03797205],[-13.42147481 -12.05250735 -13.44374471],[-11.70443046 -11.69335077 -11.27006369],[-10.26472003 -10.28895936  -9.5562573 ],[-9.48289724 -9.47978922 -9.2683265 ],[-2.19595665 -2.34671124 -1.89400945],[-0.41603269 -1.21662698 -1.6649329 ],[-0.40102127 -0.62787649 -1.26039376],[-1.02270618 -0.72146927 -1.58233667],[-0.23439471 -1.95027068 -1.53623071]
[-0.26436629 -0.94870193 -0.34176823],[-0.63189026 -1.60886286 -1.92190265],[-1.33848563 -1.61698645 -0.64354525],[-1.20090212 -1.94385965 -1.96261666],[-1.95823372 -0.3133726  -0.19207311],[-1.05551061 -0.33640846 -1.55264111],[-1.2558605  -1.34645159 -1.30427843],[-0.98252299 -0.5303242  -0.3785307 ],[-1.71912342 -1.49761787 -0.88738171],[-2.80210147 -3.35108562 -3.15279733],[-8.95620846 -8.92014625 -8.98927879],[-12.88464414 -12.89606867 -13.23364813],[-14.92851257 -15.08492563 -15.1870122 ],[-16.90273505 -16.81962084 -17.08907781],[-18.55680664 -18.52597642 -18.7467525 ],[-20.87489684 -20.00946371 -20.80461847],[-21.95286217 -22.34085101 -22.60399016],[-23.99518619 -24.69410853 -24.47378221],[-25.74768245 -25.30673167 -25.60249131],[-26.99131235 -26.75500488 -26.91558067],[-27.09560677 -27.11198153 -27.13373796],[-27.2862322  -26.92845951 -27.31373812],[-26.76938702 -26.93831563 -26.98931918],[-26.33614265 -25.61767523 -26.39836482],[-25.74867743 -25.70741682 -25.74964844],[-24.96058169 -25.04779789 -25.05335406],[-24.12590287 -24.10158448 -24.17668127],[-21.36238014 -21.31896087 -21.2572835 ],[-18.49224839 -18.45443743 -17.6302681 ],[-15.48618443 -15.3699984  -15.2698185 ],[-12.667821   -12.65025302 -11.1057065 ],[-11.10240265 -11.45319636 -11.48476637],[-10.48640761 -10.41705734 -10.10802253],[-9.02959122 -9.12126589 -8.43990515],[-8.12734014 -8.11426116 -8.10901009],[-0.98692694 -1.19102361 -0.39960872],[-0.92106902 -1.25949987 -0.78555339],[-1.72745393 -1.08945894 -0.96948378],[-0.09944728 -1.48937096 -0.21248081],[-0.85037628 -0.7628262  -0.62816862]
[-1.25114194 -0.75113488 -0.74797367],[-1.33328678 -1.57760555 -0.03995931],[-1.37402869 -0.85270775 -1.20431443],[-1.48811875 -0.04588961 -1.33467261],[-1.18950795 -0.56421023 -0.69018547],[-1.37890021 -1.44225579 -1.53458672],[-0.90806795 -0.94774428 -0.18775623],[-0.676944   -1.09760842 -1.77408575],[-1.16152934 -0.20635747 -1.516312  ],[-1.37221685 -1.77163528 -0.49984632],[-3.34038104 -3.07767569 -3.49669936],[-9.64785653 -9.89109881 -9.68617757],[-12.83662088 -12.98043647 -12.55504662],[-14.56111382 -14.52253855 -14.65846789],[-16.66045644 -16.77692362 -16.46482845],[-17.87248116 -17.91863456 -17.94192074],[-19.32681223 -19.45904879 -19.50143777],[-20.83781304 -21.10041067 -21.23626539],[-22.01840251 -22.11712153 -22.28376152],[-22.84563263 -23.24110893 -22.9013704 ],[-23.44822146 -23.44372649 -23.50499862],[-23.71477633 -23.67138735 -23.70465901],[-23.84920369 -23.90233287 -23.88787896],[-23.79364838 -23.84412451 -23.85600264],[-23.73619382 -23.75022302 -23.7042911 ],[-23.32882098 -23.35309628 -22.99029998],[-21.40370287 -21.32980433 -20.60426087],[-18.05013531 -17.43947521 -17.69484112],[-14.51509959 -14.4862075  -14.73657548],[-12.4659096  -12.54681071 -10.66533332],[-10.85744671 -10.73532485 -10.05777578],[-9.99410611 -9.97213182 -9.4087295 ],[-8.90092809 -8.88833861 -7.74785944],[-7.74403433 -7.70100527 -7.41876772],[-4.78776209 -4.69216755 -4.60086082],[-1.46572384 -1.23435405 -0.66889236],[-1.48532232 -0.26939516 -0.30228119],[-1.96900278 -0.86199965 -1.38548721],[-1.18939384 -1.46449588 -1.0909481 ],[-1.18056486 -1.26836344 -0.22801662]
[-1.91361409 -0.17542973 -1.37094495],[-1.45843389 -1.47162839 -0.9347745 ],[-1.68871812 -0.007254   -0.27156284],[-0.93877426 -0.47315    -1.28726936],[-1.64573876 -0.17655477 -1.29440693],[-1.93759187 -0.83467466 -1.92146265],[-0.03146641 -0.89151105 -0.2951637 ],[-1.57275389 -0.88872205 -0.20946874],[-0.8148154  -1.63762543 -0.58143502],[-0.4972251  -1.67525139 -0.2594918 ],[-1.38352906 -1.069291   -1.75562303],[-2.86795738 -2.33734564 -2.41425381],[-9.58879628 -9.94767848 -9.56462168],[-11.48608313 -11.95450518 -11.81618352],[-14.45268956 -14.35525067 -14.39810978],[-15.625613   -15.81481982 -15.84915221],[-17.3380667  -17.46473071 -17.30535101],[ -4.54673263 -18.80853828 -18.85332744],[-18.33853949 -19.65413566 -19.66145949],[-20.89591698 -20.395486   -20.87960314],[-21.26596553 -21.32642164 -21.36819311],[-21.93168354 -21.93096742 -21.95846151],[-22.39664722 -22.4136243  -22.41218309],[-22.72402878 -22.73749092 -22.69640032],[-21.53975287 -21.6719765  -21.69271547],[-20.43879568 -20.41990194 -19.88493453],[-17.72796627 -17.73828647 -17.20265661],[-14.44414316 -14.34908481 -14.72434785],[-11.46861699 -11.45512676 -10.42600618],[-10.24602075 -10.31370462  -9.22474055],[-9.351579   -9.21149619 -8.26702329],[-8.55304911 -7.91589073 -8.5287235 ],[-7.42900151 -7.2969205  -6.54228986],[-6.4857112  -6.58786137 -6.32108135],[-1.43581318 -1.65793173 -1.26896309],[-1.93344506 -0.68850396 -0.45608331],[-1.50139977 -1.12407443 -1.00403222],[-0.0611044  -0.00688386 -1.39364181],[-1.09042225 -0.85452821 -0.2710174 ],[-0.31979595 -0.02311762 -0.99232513]
[-1.16625836 -0.55471598 -0.13243199],[-1.76484069 -1.34653224 -0.82390685],[-1.79352307 -0.48276634 -0.87196286],[-0.07429189 -0.44846303 -0.83672346],[-0.53219181 -0.83999269 -0.20955138],[-0.54316145 -1.86612377 -1.43904319],[-1.70578765 -0.45676247 -1.94322875],[-0.76025766 -0.20601607 -0.56425321],[-1.88211364 -0.67358901 -1.32049174],[-1.26439146 -1.1683386  -0.98467865],[-1.69060195 -1.480858   -0.95211536],[-1.53386003 -1.69952272 -0.73331383],[-3.81923897 -3.50734801 -4.0826267 ],[-8.53037741 -9.13145698 -9.09153341],[-11.25123233 -11.36711108 -11.37669225],[-13.71848043 -13.99962354 -13.94278785],[-15.30327674 -15.44131369 -15.47204912],[-16.29292217 -16.26312822 -16.33060935],[-17.90102793 -18.00132015 -18.11189455],[-18.82943144 -18.90835432 -18.91472921],[-19.55879626 -19.68479617 -19.61601132],[-20.231975   -20.24179498 -20.23107293],[-20.48286752 -20.43609641 -20.46911349],[-20.59162511 -20.24786379 -20.62407797],[-19.41172667 -19.33398097 -18.87767465],[-16.5681745  -16.81790428 -16.86590642],[-14.49175772 -14.56971144 -13.97715158],[-10.74078001 -10.75602917 -10.03176908],[-9.80311113 -8.02288423 -9.77195795],[-8.118267   -8.60133952 -8.60130315],[-7.61050666 -7.56172926 -6.94587706],[-6.88073984 -6.86008542 -6.0364624 ],[-6.07209056 -6.08387888 -5.49764713],[-4.92084734 -4.86979821 -4.91108492],[-0.09853997 -0.48990258 -1.16694648],[-0.42626416 -0.74545038 -0.30452091],[-0.50142007 -0.27447575 -1.08356372],[-0.46345485 -0.80552514 -1.29278115],[-0.61179624 -1.41623186 -1.44377142],[-0.82504235 -0.23232761 -0.53735096]
[-0.2922039  -0.9779834  -0.33743214],[-1.93929916 -0.15220406 -0.11915499],[-1.71017121 -1.28524263 -1.92019617],[-1.39501045 -1.68352256 -0.88945638],[-1.02554583 -1.80179235 -0.08325431],[-0.21213348 -1.12433274 -1.93298662],[-0.26110847 -0.81718764 -0.31792513],[-1.21372162 -0.74070755 -0.97518473],[-1.59892315 -0.91215824 -1.89478447],[-0.37126329 -1.53285034 -1.89885388],[-1.69691977 -1.73514629 -1.29649595],[-0.2825655  -0.05404489 -1.3618859 ],[-0.6565227  -1.90978447 -0.09540835],[-2.21941002 -2.88920671 -2.84787572],[-7.68424123 -7.71478535 -7.4681508 ],[-11.1912288  -11.15152406 -11.15183985],[-12.76621126 -12.86715491 -13.09377512],[-14.83094589 -14.6615848  -14.82090573],[-16.25825864 -16.40859223 -16.42149932],[-17.14678062 -17.16237425 -17.207572  ],[-17.77712666 -17.82616377 -17.77342333],[-18.37319269 -18.14875824 -18.40240388],[-18.47350614 -18.10789478 -18.50220777],[-17.12307402 -16.95919168 -16.89730545],[-15.82575302 -15.8413567  -15.13494174],[-13.20844907 -13.17490111 -11.69116789],[-9.68857663 -9.68753371 -9.92833592],[-8.62060345 -8.61519002 -6.79829058],[-7.56345139 -7.62044113 -6.81594006],[-6.88781128 -6.68621141 -6.92085919],[-6.13603705 -6.16646199 -5.57699021],[-5.35793311 -4.90739998 -5.34381276],[-5.01083357 -5.00130341 -4.49967392],[-3.97090806 -3.95856499 -3.99964543],[-1.75436288 -0.93441275 -1.05424476],[-0.44941373 -1.2886701  -1.25264112],[-0.17059974 -1.33837409 -0.31719572],[-1.80426942 -1.76567774 -1.62555336],[-0.72884111 -1.52428162 -1.11729283],[-1.82527407 -1.47870323 -1.54733751]
[-1.97493408 -0.36119017 -0.50344172],[-0.32112358 -0.72707773 -0.5148736 ],[-1.79353132 -1.09485742 -1.18197654],[-1.01935899 -1.88594944 -0.86091554],[-1.92213084 -1.24797343 -1.33606105],[-1.22497429 -1.39133666 -1.34459993],[-0.8452794  -1.19069618 -1.08087321],[-1.81204519 -0.67850096 -1.59586466],[-0.23735429 -1.5385054  -1.05847913],[-1.2487541  -1.68984371 -0.59066233],[-0.15633061 -1.79915233 -1.37476111],[-0.82279799 -0.04155273 -1.85470472],[-0.60073348 -1.49706321 -1.41148938],[-1.83386349 -0.33955272 -0.98459711],[-2.37145632 -2.41288515 -2.29955703],[-5.1929908  -5.3261047  -5.44661292],[-10.71344612 -10.51996117 -10.80957967],[-12.13692181 -12.42855086 -12.28603728],[-13.6628441  -13.80408443 -13.75940137],[-15.0809146  -14.87743298 -14.90452635],[-15.70749294 -15.68617919 -15.72026065],[-16.01340677 -15.78326455 -16.01535087],[-15.5375579  -15.51270371 -14.54486678],[-14.39337293 -14.07356337 -14.37052286],[-10.86336293 -10.77944475  -9.13919913],[-8.72597171 -8.40993477 -8.75830343],[-7.52320817 -7.52480447 -6.51969389],[-6.45827054 -6.47616312 -5.32080096],[-5.81447773 -5.61091984 -5.88426998],[-5.2859519  -5.3213638  -5.01649273],[-4.36301694 -4.67345651 -4.70026632],[-4.21075745 -4.18620327 -3.69478653],[-3.52160396 -3.60508666 -3.60241054],[-1.9532661  -1.93799661 -2.05185915],[-1.36182482 -0.95432952 -0.08983114],[-0.71102449 -1.48026719 -0.48711881],[-0.76368603 -0.54292772 -1.48843348],[-0.51379386 -1.69194129 -0.51248237],[-1.62582598 -0.80859557 -1.37218444],[-1.73428306 -1.96819666 -1.49574784]
[-0.45282212 -1.7952117  -0.25212383],[-1.65933736 -0.57045693 -1.6098753 ],[-0.52405769 -1.19311317 -0.27447569],[-0.55998636 -1.00503798 -0.61048082],[-1.30569526 -1.91237431 -1.81079343],[-1.89892014 -1.76120305 -0.47109483],[-0.64588919 -0.93386011 -1.61126831],[-0.72556461 -1.17731605 -0.80886362],[-1.73048797 -0.17278478 -0.10978349],[-1.62222786 -0.27157083 -0.68108705],[-1.77219052 -0.29602288 -0.77419626],[-1.8677485  -0.61030356 -0.79102899],[-0.86317598 -0.89025095 -0.44345338],[-0.48203183 -1.97115454 -0.28811192],[-1.66954972 -1.04524919 -0.31626745],[-1.90225914 -2.00827492 -2.0179607 ],[-4.98492151 -5.47710523 -5.82757006],[-9.26536319 -9.04577936 -9.34169283],[-10.4846396  -10.87237832 -10.59338392],[-12.06164158 -11.79440731 -11.79994221],[-13.05117115 -13.11486162 -13.10792804],[-13.25350314 -13.4060111  -13.4649672 ],[-11.8165234  -11.81908208 -10.67688954],[-8.8762564  -8.88128272 -7.60271686],[-6.9967548  -7.00212568 -6.01211116],[-5.78556023 -5.77897169 -4.66169893],[-4.92766625 -5.08144512 -4.72731011],[-4.68027634 -4.73184244 -4.10514432],[-4.26504297 -4.27647288 -3.88922604],[-3.80191659 -3.79724946 -3.49103229],[-3.44413948 -3.53572205 -2.63710602],[-3.12090475 -3.17064303 -2.63450678],[-2.63631462 -2.37080222 -2.63445047],[-1.77085343 -1.02273532 -1.33354572],[-1.76927122 -0.1627354  -0.96749789],[-0.22032981 -0.83862516 -0.88034255],[-1.00084644 -0.7415118  -0.49509706],[-0.03125359 -1.48808068 -0.57262904],[-0.43796878 -1.83711146 -0.21322843],[-1.2358957  -1.36501105 -1.04744801]
[-0.53374875 -0.45337853 -1.4501663 ],[-1.08171496 -0.55063244 -1.61218702],[-0.80558086 -0.56619786 -0.48741059],[-0.86101502 -0.35303518 -0.1871443 ],[-0.38881769 -1.34323907 -1.45775684],[-0.8597721  -1.28066112 -0.43516866],[-1.57004151 -1.94274266 -1.61727318],[-1.82720864 -0.04117873 -0.63745611],[-0.3158518  -1.54523614 -0.72726379],[-1.06635744 -0.05640721 -1.28033927],[-1.87693671 -1.46109224 -0.71409266],[-1.48199185 -1.27659477 -1.09022046],[-1.33820944 -0.53923278 -0.81048647],[-0.81413673 -1.04940706 -1.53876819],[-1.42335918 -1.89516872 -1.24192491],[-0.74251695 -1.22521795 -0.81193083],[-2.04855204 -2.26223327 -1.90700668],[-4.82473355 -5.08237886 -5.25277091],[-7.3585425  -7.11003974 -7.41342349],[-8.89344712 -8.95430994 -8.60065417],[-9.26818645 -9.298743   -9.26563268],[-7.31676568 -7.19727245 -6.15551583],[-6.89140755 -7.39719896 -7.41458147],[-5.72118717 -5.65865629 -4.44505771],[-4.16246516 -4.09402575 -3.66291269],[-3.63928732 -3.67222019 -2.81480332],[-3.20986691 -2.85190359 -3.09511312],[-3.11544227 -3.12042888 -2.58275293],[-2.80180036 -2.38317623 -2.81975562],[-2.55362715 -2.602305   -2.21141945],[-2.37068356 -2.3824057  -1.        ],[-1.         -2.12812084 -2.10251139],[-1.86456193 -1.340461   -1.85626568],[-0.76314396 -1.4149785  -1.16612232],[-0.46775017 -1.92520033 -1.68755337],[-1.62088342 -0.640876   -1.34525823],[-1.83420898 -0.43837394 -0.57673846],[-1.03903192 -1.65011583 -0.95372063],[-1.27835637 -0.96893082 -1.96853783],[-1.93229288 -1.47618126 -1.30779731]
[-0.97272525 -0.67079677 -0.96375459],[-1.20648494 -1.31450988 -0.5413498 ],[-0.00856692 -1.61869862 -0.33076177],[-0.97633057 -1.31818229 -0.56732455],[-0.31727831 -1.04714708 -0.12203853],[-1.50938282 -1.42790807 -1.84624231],[-0.35527715 -0.94856345 -0.00789412],[-1.63266768 -1.62476502 -0.17344184],[-0.41235004 -0.8061306  -1.00243311],[-0.81651381 -0.10731004 -0.77437111],[-0.91042939 -1.25986127 -1.67585268],[-0.75663186 -0.48561663 -0.46735964],[-1.5460173  -1.3192469  -0.45045022],[-1.5539596  -0.40478853 -1.87303051],[-1.53841754 -1.00864698 -1.65001023],[-0.04771563 -1.78921399 -1.75716514],[-1.9343599  -0.04769456 -0.11614077],[-1.99317005 -1.15958567 -1.28939067],[-2.69349581 -2.35355322 -2.4140643 ],[-2.24026476 -3.15830935 -2.7824596 ],[-3.48622537 -3.56418448 -3.57790698],[-2.41801987 -2.41339473 -1.        ],[-1.89094161 -1.24308343 -1.86460434],[-1.71488265 -1.         -1.38562499],[-1.52789022 -1.54461643 -1.099     ],[-1.2076922 -1.        -1.197901 ],[-1.2076922 -1.2869119 -1.       ],[-1.        -1.2771109 -1.2869119],[-1.1881 -1.1881 -1.    ],[-1.197901 -1.       -1.099   ],[-1.099 -1.    -1.   ],[-1. -1. -1.],[-1.        -1.        -1.7283651],[-1.03673004 -1.26626499 -1.11042305],[-1.34029568 -1.99304161 -0.01761426],[-0.09461594 -0.99651586 -1.78981176],[-1.76244991 -0.17466765 -0.43468773],[-0.4304514  -0.90900644 -0.9791637 ],[-1.53335423 -0.0340541  -1.92943716],[-1.47891052 -0.51187487 -1.56192441]
[-0.716922   -1.50976148 -1.41554516],[-1.76635048 -1.64868796 -0.55075803],[-0.31070364 -1.19519811 -0.24634826],[-1.65389185 -1.18062699 -0.22831901],[-1.5150218  -0.75734998 -1.00139852],[-1.80453826 -0.87459596 -1.88388837],[-0.80446926 -1.96329097 -1.55679058],[-1.14244558 -0.95477015 -1.76237144],[-1.49076041 -0.46113176 -0.62795048],[-1.91246273 -1.8374525  -1.17814276],[-1.34705235 -1.52268832 -0.43506688],[-0.68426778 -0.14981177 -0.90021793],[-0.53896847 -0.95282947 -0.28276059],[-1.51203845 -1.20884839 -0.19555352],[-0.34050299 -0.19168763 -1.98320517],[-0.61154211 -1.41542045 -1.65128124],[-0.22783697 -1.35698812 -0.73113309],[-1.42505008 -1.31007359 -0.23603334],[-0.10742592 -0.95029096 -1.39368394],[-1.93137717 -1.94075303 -0.11522666],[-1.00743485 -1.22401184 -1.01306894],[-1.62685052 -0.77462677 -1.45573917],[-1.8675648  -1.31251549 -0.39319233],[-0.0314218  -1.40654457 -1.68671158],[-1.1460723  -1.31467243 -1.2767994 ],[-0.14626786 -1.8988732  -0.17441624],[-0.06212521 -0.24429514 -0.55338027],[-0.19582558 -1.62707202 -1.96052205],[-0.48902963 -0.26313894 -0.13554138],[-0.75165716 -1.42343166 -1.32332644],[-0.50098307 -0.74510237 -0.6346102 ],[-0.34631653 -0.88574326 -1.29120664],[-0.73710734 -1.4361524  -1.25001273],[-1.13714509 -1.88808472 -0.30356405],[-1.56511808 -0.92522672 -0.50761759],[-1.84998304 -0.59180279 -1.76195197],[-1.25248077 -0.91790198 -0.56165841],[-0.17270096 -1.65822942 -1.89924845],[-0.20459961 -1.98085748 -1.59301365],[-0.74100456 -1.22694362 -0.67248097]
[-3.49381274e-01 -1.93868041e+00 -1.88575653e-03],[-1.00507592 -1.79279706 -1.5069611 ],[-0.87155453 -1.60595571 -0.47790591],[-1.81101619 -0.01225406 -1.62035312],[-0.91522985 -0.86992857 -1.37966266],[-0.52096882 -0.29999243 -0.96496455],[-0.6647071  -0.48857934 -1.54851153],[-1.23579031 -1.79645236 -0.83157373],[-1.51503668 -1.14456038 -1.31821139],[-1.09624306 -1.75388492 -0.29123189],[-0.01472844 -1.32968016 -1.95173978],[-0.20172196 -0.47423734 -0.5292225 ],[-1.43558998 -0.54726596 -0.04326842],[-0.4871468  -1.98628401 -1.98085849],[-1.47047917 -1.97657043 -0.18276532],[-0.33838922 -1.79985691 -0.53419021],[-0.50879985 -1.0262152  -1.76267192],[-1.26052431 -1.38851201 -1.74225567],[-1.63395269 -1.66910095 -1.88481242],[-0.90501465 -0.5432473  -1.91126592],[-0.93957455 -1.49337963 -1.5600375 ],[-0.37520355 -1.53354662 -0.24169978],[-1.77851554 -0.53209374 -0.83784048],[-0.50938678 -0.55335    -1.5965442 ],[-0.47516505 -1.0932663  -0.24933116],[-0.92142959 -1.35095078 -0.08380924],[-0.16898251 -0.8260425  -0.00388002],[-1.09864609 -1.66390941 -1.65647166],[-0.94631678 -1.17608701 -1.90601556],[-0.95566675 -0.92774553 -1.31770946],[-1.38810169 -1.306196   -0.45677517],[-0.28704863 -1.28452433 -1.50916452],[-0.216668   -1.86614058 -1.63659667],[-0.79924265 -1.3310674  -0.87864305],[-1.17348478 -1.1128551  -1.16804416],[-1.91285504 -0.39416791 -1.01277956],[-0.9883068  -0.73126726 -0.12589885],[-1.74916455 -1.04453239 -1.98328671],[-0.97413823 -0.34059504 -1.5245002 ],[-0.90379541 -0.44328383 -1.78060951]
