[-0.32577055 -1.21929366 -1.61084839],[-0.3483613  -0.00248752 -0.39430007],[-0.45161771 -0.90442754 -1.47710879],[-0.78249964 -0.41136932 -1.90978678],[-14.97333076 -15.44698556 -14.42022225],[-24.4158344  -24.33285502 -24.16950557],[-25.38851521 -25.51405624 -25.48034295],[-25.94052183 -25.86058162 -25.89189269],[-26.76033884 -26.75574928 -26.787719  ],[-27.17975539 -27.18350289 -27.19680927],[-27.3862313  -27.42608773 -27.33876986],[-27.4497813  -27.4875304  -27.43987069],[-27.43132348 -27.50347075 -27.53595275],[-27.81296961 -27.80697658 -27.85932245],[-28.13216284 -28.13199371 -28.10467533],[-27.87546232 -27.94752653 -28.00538906],[-28.05929664 -27.93084647 -28.04141499],[-27.95205956 -27.97510843 -27.96227902],[-27.75967731 -27.71353827 -27.72708318],[-27.2664758  -27.27655129 -26.94184295],[-26.76858956 -26.71856982 -26.55040002],[-25.34115267 -25.34856944 -25.25964918],[-24.57314987 -24.59176306 -24.51760023],[-23.86180542 -23.88250379 -23.74118192],[-23.1347978  -23.12927818 -23.1217418 ],[-1.55065072 -1.33110184 -0.8991718 ],[-0.24382624 -0.74543217 -0.70491939],[-1.38622483 -1.44141097 -1.95041587],[-0.81553467 -1.05853663 -1.37226774],[-0.51739526 -0.16901374 -1.47506708],[-1.92941917 -1.62588575 -0.05539446],[-0.2546856  -1.69296346 -1.53290373],[-1.70084463 -0.09330825 -1.26121476],[-1.70273614 -0.80527029 -0.32952302],[-0.93373736 -0.54988412 -0.31456452],[-0.22632639 -0.63632081 -1.43944483],[-1.13094388 -0.06738329 -1.41455108],[-1.14801389 -1.83118008 -0.04239917],[-1.85759908 -1.88884045 -1.4989957 ],[-1.57287514 -1.30820428 -1.27817654]
[-1.42363321 -0.4357611  -0.32208988],[-1.39799828 -1.17679293 -1.4679646 ],[-1.98936051 -0.35569596 -0.33581163],[-0.92547964 -1.7752319  -1.05253789],[-18.2747102  -18.87643078 -18.76044672],[-24.5630644  -24.57984996 -24.66471331],[-25.47038451 -25.47977904 -25.53579313],[-26.35438412 -26.34493266 -26.35283761],[-27.22915786 -27.22348927 -27.25096212],[-27.71072709 -27.7392963  -27.7134886 ],[-28.1027152  -28.03015706 -28.07181146],[-28.16748666 -28.2454445  -28.25555555],[-28.65535387 -28.62240429 -28.65580808],[-28.6260344  -28.66982042 -28.65443236],[-28.58047635 -28.54112634 -28.53760267],[-28.23506171 -28.2516261  -28.2487482 ],[-27.76490009 -27.77026479 -27.7612259 ],[-27.14422522 -27.17967873 -27.16428134],[-26.35952601 -26.36920915 -26.33329048],[-25.88188836 -25.68405373 -25.68168639],[-25.13380725 -25.10000138 -25.09524   ],[-24.54378555 -24.49828462 -24.50790361],[-23.94710099 -23.96413864 -23.9415901 ],[-23.38731793 -23.47395755 -23.4289224 ],[-23.08194695 -23.10539466 -22.93155426],[-22.34487779 -22.31857232 -22.10296415],[-21.59002101 -21.61582918 -21.34948039],[-0.19448273 -1.59908639 -1.26140699],[-1.67404833 -1.92561073 -1.32205063],[-0.99632498 -1.62647581 -0.79444318],[-0.95115054 -1.52756937 -1.38762024],[-1.65077573 -1.21430863 -0.79468085],[-1.99039269 -1.17347733 -1.97017869],[-1.24301137 -0.32002578 -1.64348361],[-1.53120651 -0.60159593 -1.07150446],[-1.82502919 -0.43246531 -0.03612041],[-0.80172981 -0.39307392 -1.7532644 ],[-1.26341231 -1.1238969  -0.76343305],[-0.93181507 -0.86080103 -0.82935873],[-1.26143566 -1.99145312 -1.37583037]
[-0.23425544 -1.08385034 -1.84327729],[-1.52692716 -1.86905878 -0.72635117],[-1.29353758 -0.64998909 -0.60729745],[-7.42649828 -7.14982826 -6.45722367],[-21.64616536 -21.64169082 -21.8546444 ],[-24.88189927 -24.86275671 -24.95783348],[-25.81549076 -25.83677083 -25.72855368],[-27.02950705 -27.00178716 -26.97751043],[-27.96566593 -27.95467115 -27.98176447],[-28.46791364 -28.49723266 -28.49513003],[-28.74149703 -28.75915435 -28.7497633 ],[-29.20395173 -29.17284125 -29.17745639],[-29.22197479 -29.18251275 -29.23176292],[-29.10892108 -29.10556526 -29.12163254],[-28.72241054 -28.67330346 -28.69179308],[-28.16729686 -28.18811463 -28.18979133],[-27.76770834 -27.71268083 -27.72199539],[-27.19089636 -27.18855137 -27.184236  ],[-26.58261974 -26.60448355 -26.56861554],[-25.94778437 -25.88261561 -25.87728832],[-25.2402841  -25.21360734 -25.21077084],[-24.5402441  -24.59108639 -24.52173833],[-23.84307833 -23.81789227 -23.78660577],[-23.12467878 -23.14735706 -23.04609344],[-22.42460878 -22.36425747 -22.37545345],[-21.8443596  -21.79865889 -21.69532915],[-21.47829321 -21.47773541 -21.24104963],[-20.77498362 -20.81290749 -20.36238215],[-20.07743421 -20.05053761 -19.92853054],[-0.23687171 -0.24870752 -0.27856139],[-0.93044519 -0.20968737 -1.09709419],[-0.21184244 -1.39049197 -0.719609  ],[-0.69406605 -1.13837046 -1.75014842],[-0.21375398 -0.07540569 -1.11236795],[-0.50286674 -0.55750926 -0.69995601],[-1.55670446 -0.2419421  -1.57431713],[-0.57541737 -1.84873752 -1.10636201],[-1.69738995 -1.35488204 -1.16229111],[-0.66629542 -0.74538311 -1.18773568],[-0.1062646  -0.863087   -1.68007052]
[-1.58669476 -1.94864426 -1.94273101],[-0.31081434 -0.08007796 -0.47394579],[-0.91559098 -1.24056213 -1.08693925],[-13.3579653  -12.97246834 -13.19761253],[-22.63483513 -22.82402921 -22.60225548],[-25.40199892 -25.39020644 -25.36435119],[-26.81509771 -26.93816565 -26.8734215 ],[-27.84794289 -27.91848939 -27.91076624],[-28.74297111 -28.78571796 -28.77534265],[-29.28295088 -29.19174965 -29.18288411],[-29.66424287 -29.6319834  -29.65300666],[-29.70158734 -29.69351979 -29.71237293],[-29.65090476 -29.62826941 -29.65247885],[-29.33391814 -29.33819175 -29.33227538],[-28.99147039 -28.9218106  -28.9513112 ],[-28.54822792 -28.544147   -28.55339412],[-28.02438973 -28.03980683 -28.00517367],[-27.4446023  -27.46046254 -27.43656995],[-26.88271479 -26.82619728 -26.81467062],[-26.14248009 -26.19251585 -26.11165538],[-25.48083949 -25.53833911 -25.36626757],[-24.93957666 -24.86801915 -24.61961516],[-24.2062455  -24.14316499 -23.89467292],[-23.51112133 -23.49286609 -23.00540848],[-22.2955065  -22.25690479 -22.2123193 ],[-21.47157397 -21.49571198 -21.41542574],[-20.82189495 -20.81586571 -20.75630735],[-20.38943032 -20.33584499 -20.21170376],[-20.0099822  -19.973104   -19.47053908],[-19.27620267 -19.27485606 -18.72810523],[-0.33907909 -1.29752567 -0.54360384],[-0.16917679 -0.80434628 -0.7694651 ],[-0.02756005 -1.2575274  -0.85911677],[-1.63139997 -1.15052462 -1.48716136],[-1.49126193 -1.06824724 -1.21965662],[-1.92322788 -1.1518149  -0.8620784 ],[-0.62589121 -0.09046575 -1.28517384],[-0.30008744 -1.52833116 -1.94148577],[-1.51982764 -0.71607169 -0.42041467],[-0.51122341 -1.04771679 -1.43929522]
[-0.23930814 -0.44621678 -1.69097423],[-0.83250711 -0.29881915 -0.40320133],[-3.70506078 -4.01221839 -3.23248767],[-16.38072986 -16.8213559  -16.54193973],[-24.03119782 -24.16604845 -24.22009663],[-26.14951536 -26.03823929 -26.1066268 ],[-27.55980536 -27.46003107 -27.50898906],[-28.54321541 -28.73685731 -28.71988546],[-29.43820618 -29.3772991  -29.42450331],[-29.89913653 -29.97066406 -29.93340695],[-30.3113591  -30.25353722 -30.25876869],[-30.25287435 -30.25723067 -30.21622055],[-30.04824811 -30.06546675 -30.03784491],[-29.68684781 -29.63372397 -29.65067999],[-29.37058777 -29.54407205 -29.15891382],[-29.43103336 -28.65693759 -29.38583804],[-29.16246449 -28.78863482 -29.16852011],[-28.8864109  -28.90989841 -28.92334814],[-28.59720289 -28.59434629 -28.60259394],[-28.09433287 -28.06972911 -28.05697678],[-27.51859686 -27.52295856 -27.72253835],[-26.72100432 -26.90857858 -26.72636917],[-25.80778085 -25.8332987  -25.80431213],[-24.55822942 -23.62325753 -24.33409205],[-23.53499102 -23.52437224 -22.23972044],[-22.38432141 -22.22512174 -21.44147842],[-20.71878199 -20.77763139 -20.59987307],[-19.88553465 -19.86832274 -19.84855525],[-19.36869325 -19.39335844 -19.2951751 ],[-19.21196008 -19.13663794 -18.60701778],[-18.47322413 -18.47222838 -17.80802966],[-1.18441828 -0.10430988 -0.74363933],[-1.1572239  -0.13472865 -1.52229615],[-0.18039905 -0.65194671 -0.21614035],[-0.2890684  -0.24731007 -1.17576528],[-1.42816887 -0.930347   -1.16281745],[-0.61336599 -0.89693147 -0.0250515 ],[-0.15224428 -1.3918057  -0.13079695],[-1.91419291 -0.58591974 -0.22923361],[-0.68735023 -0.38310967 -1.04304734]
[-1.91361757 -0.50200426 -1.52872075],[-1.70800403 -0.82827224 -1.98078043],[-7.63184143 -7.91413747 -8.21437786],[-19.94133011 -19.75330404 -19.94942995],[-25.34337205 -25.32702791 -25.41545251],[-27.23605933 -27.10709872 -27.1589686 ],[-28.26208994 -28.43081206 -28.43332586],[-29.56963595 -29.4728778  -29.52261515],[-30.26675164 -30.18416965 -30.19026239],[-30.66328524 -30.67563115 -30.67795827],[-30.8275275  -30.84544362 -30.82826157],[-30.7719361  -30.80474992 -30.78261454],[-30.53974821 -30.56099135 -30.53723505],[-30.11606997 -30.67016912 -30.80252241],[-31.24868199 -30.99500298 -31.21713999],[-31.47264431 -31.38348851 -31.43799157],[-32.23957094 -32.24756231 -32.28137359],[-32.38463593 -32.37306205 -32.35103689],[-32.33350244 -32.31577145 -32.28210454],[-32.29761561 -32.3223624  -32.31422214],[-31.98969182 -32.06860911 -32.16430187],[-30.99209854 -30.89731463 -31.0411865 ],[-28.73278243 -28.61035831 -28.26680883],[-26.96430684 -26.98729289 -26.84695667],[-25.11810089 -24.9390926  -24.83717455],[-23.75006808 -23.62361245 -23.12655145],[-22.08860711 -22.05567214 -20.6053801 ],[-20.60699777 -20.50196849 -19.62462955],[-19.02231023 -19.01130298 -18.9611785 ],[-18.46610259 -18.47091227 -18.42340789],[-18.07511924 -18.03059749 -17.37437564],[-17.67443872 -17.66853537 -17.00772002],[-0.35848664 -0.01863632 -1.3627699 ],[-1.66530657 -0.05925107 -0.84479666],[-0.10205951 -1.39279461 -0.89104681],[-0.86756994 -0.04989802 -0.58909088],[-1.89522478 -1.90952066 -1.95790305],[-0.37500311 -0.79685324 -0.09607571],[-0.26226402 -0.20583672 -0.74010466],[-0.51981315 -0.12544956 -1.6671375 ]
[-1.81724927 -1.06852279 -1.41408998],[-1.15465106 -1.5018687  -1.05559559],[-10.46359599 -11.04696351 -10.75394434],[-21.50584092 -21.84772793 -21.96775834],[-26.20656913 -26.19568477 -26.30981358],[-28.09737318 -28.00047964 -28.04190944],[-29.15903488 -29.30864861 -29.35011198],[-30.16245263 -30.17984053 -30.19216658],[-30.91565703 -30.94731536 -30.96558778],[-31.3626954  -31.3207607  -31.32727999],[-31.51663469 -31.53968409 -31.52410537],[-31.47526119 -31.46489883 -31.44203319],[-31.16142407 -32.11425958 -31.9009169 ],[-32.59242156 -32.56977545 -32.67314074],[-34.16298791 -34.1509629  -34.1439698 ],[-35.32118431 -35.33598245 -35.29974742],[-35.34666474 -35.34734536 -35.35395058],[-34.9148234  -34.87629491 -34.91733887],[-34.73718195 -34.72243248 -34.53670339],[-34.76113208 -34.86359894 -34.69725073],[-34.01620486 -34.21267213 -33.95315581],[-33.65021161 -33.10794023 -33.51395115],[-32.04731524 -32.10522556 -32.09190617],[-31.13922513 -31.25483658 -31.38961652],[-29.45403562 -29.48273712 -29.42822933],[-25.76269428 -25.87446167 -25.67975322],[-23.58251023 -23.48566179 -23.15084609],[-21.65818897 -21.72701628 -20.72302936],[-20.20242169 -20.04849912 -18.63937958],[-18.16107461 -18.36956405 -18.01127361],[-17.65602772 -17.65260343 -17.61892125],[-17.11894576 -17.12893371 -16.36709654],[-16.67578104 -16.68557651 -16.24391641],[-0.59558719 -1.31746376 -0.84237925],[-1.34673832 -1.89817962 -0.18896558],[-1.08141364 -1.15656503 -0.86007414],[-1.77837321 -1.07975137 -0.33480395],[-0.2542813  -1.60492963 -1.0882605 ],[-0.86543268 -1.23554746 -0.487684  ],[-0.47763521 -0.03334962 -1.37643911]
[-1.77154739 -1.17377191 -1.66650852],[-3.88768385 -3.91946231 -3.80241587],[-15.04987281 -14.94572517 -14.57633488],[-23.57032126 -23.79483535 -23.50865589],[-27.00000416 -27.23564921 -27.18720899],[-28.7970735  -28.75843336 -28.78517498],[-29.97593676 -29.96491772 -29.9170109 ],[-30.96084274 -30.91149083 -30.90650426],[-31.59039855 -31.6187997  -31.60995367],[-31.92282828 -31.92556414 -31.93841923],[-32.11194718 -32.10133669 -32.1205771 ],[-32.12949667 -33.05308122 -33.09069555],[-33.56636298 -33.21028144 -33.69494529],[-35.73390389 -35.64712946 -35.67025066],[-37.42862808 -37.5559502  -37.4776323 ],[-37.92606002 -38.19736844 -38.2893898 ],[-39.10175688 -39.48524738 -39.48397535],[-39.59312176 -39.60252068 -39.13275781],[-39.4347676  -39.43189684 -39.4276959 ],[-39.14454893 -39.17214482 -39.18980109],[-38.59518048 -38.59010898 -38.54318728],[-37.9053304  -37.8890646  -38.08910823],[-36.92936537 -37.01422089 -36.90497226],[-34.72514637 -34.29312942 -34.60219187],[-32.56460127 -32.246373   -32.44447459],[-30.35812327 -29.80568537 -30.28568388],[-26.43644546 -26.38136451 -26.42116263],[-23.03558138 -22.98924525 -23.20086822],[-21.50769008 -20.83788731 -21.43561561],[-19.7734546  -19.59350906 -17.73110256],[-17.44868306 -17.50177841 -17.15134937],[-16.74203913 -16.73623175 -16.64495997],[-16.34549992 -16.34407351 -15.33177467],[-15.8690505  -15.86197418 -15.50074102],[-1.18969076 -0.93384002 -0.54468428],[-0.8844795  -0.3827686  -0.04079479],[-0.6444642  -1.98561755 -0.22843762],[-1.61273889 -0.1181342  -0.91547968],[-1.59592535 -0.27380189 -1.58466565],[-0.99490931 -1.05974358 -1.25889514]
[-0.15617204 -0.02304357 -0.17177398],[-5.47788425 -5.12824446 -5.93424591],[-18.0967527  -18.2262785  -18.27676609],[-24.20734738 -23.95857847 -24.1637847 ],[-27.65664291 -27.68984822 -27.67676927],[-29.33276153 -29.5642798  -29.61008894],[-30.58450088 -30.60776974 -30.66829506],[-31.63425786 -31.68187766 -31.6367583 ],[-32.21130139 -32.24984979 -32.17500785],[-32.58607364 -32.55127095 -32.56760114],[-33.21377268 -32.8229398  -33.20334667],[-33.26248401 -34.25741296 -34.34173138],[-36.66965753 -36.58800389 -36.49511945],[-39.40948294 -39.38633889 -39.39670878],[-39.32940683 -40.46580388 -40.42109743],[-40.77338839 -41.39401324 -41.39001038],[-41.9142072  -41.94229541 -41.93344018],[-41.92335806 -42.20223754 -42.27729069],[-42.16631804 -41.32558671 -42.1412902 ],[-41.89710383 -41.9265021  -40.74052626],[-41.46835081 -41.48259608 -40.22176684],[-40.8945993  -40.93172891 -39.67787978],[-40.30907823 -39.20078533 -39.90425324],[-38.5830055  -38.60407701 -38.60893558],[-36.93250922 -36.97807472 -36.82905533],[-34.43698697 -33.53390963 -34.45809204],[-30.85306569 -30.76584872 -29.83526589],[-27.51509213 -27.30566299 -27.37857761],[-22.81022274 -22.71219538 -22.80231063],[-20.58407707 -20.56831567 -19.78777075],[-18.76574377 -18.77070969 -16.72425611],[-16.58709781 -16.65570989 -16.15903167],[-15.86361808 -15.87148755 -15.66311901],[-15.5029871  -15.48178975 -14.7122232 ],[-15.01521959 -14.72899357 -14.99447146],[-1.82864357 -1.74044265 -0.90353742],[-1.19679308 -0.82224122 -1.30461003],[-0.58366074 -1.88437273 -0.73942209],[-1.97883922 -0.29864824 -1.49398647],[-1.79954311 -0.17314369 -1.57779218]
[-0.55410538 -0.70895434 -1.33115172],[-7.2234117  -7.72800241 -7.50220518],[-19.78902664 -19.78733639 -19.52503803],[-25.47076038 -25.62715007 -25.52880131],[-28.64314031 -28.65262887 -28.61675739],[-30.02146732 -29.94903357 -30.04537854],[-31.44385044 -31.49107179 -31.48115601],[-32.20320833 -32.1897745  -32.13588697],[-32.7522228  -32.75941118 -32.79345197],[-33.07588663 -33.05817406 -33.08851645],[-34.35313642 -34.08547321 -34.34873944],[-36.00367773 -36.57925873 -36.59599732],[-38.55831835 -38.43449227 -38.5723966 ],[-40.35428044 -41.05673707 -41.05916777],[-42.26693548 -42.75821221 -42.75267115],[-43.34172887 -43.33325156 -43.16486189],[-43.21382172 -44.05082902 -43.87668882],[-43.18687112 -45.90381768 -45.87450717],[-41.2185012  -45.51247085 -45.50346241],[-44.90284101 -44.91628557 -44.88298251],[-44.40114948 -44.37969193 -44.43246443],[-43.919296   -43.92759727 -38.87512844],[-42.84408901 -42.76479768 -39.37575109],[-40.88497132 -40.83006704 -39.54955491],[-39.58254433 -39.14477066 -39.52024267],[-37.88125085 -37.92280825 -37.80184892],[-35.05962287 -35.05958343 -34.05847225],[-31.32208919 -30.99088991 -30.17848603],[-27.38043591 -27.42737334 -27.38693311],[-21.82992317 -21.98971625 -21.8384555 ],[-19.5460016  -19.4063026  -18.58256683],[-17.65590187 -17.68108781 -15.69572186],[-15.487062   -15.43726442 -15.32030648],[-15.05666418 -15.05357575 -14.77409412],[-14.70914076 -14.70944173 -13.75254494],[-1.97469789 -1.47470664 -0.58885174],[-0.11917311 -1.76218755 -0.62977549],[-1.20715832 -1.44559172 -0.03524396],[-1.63547113 -1.26382831 -0.55295521],[-1.2060287 -0.7270394 -0.9666606]
[-1.38579604 -1.5033241  -1.48325801],[-7.22307229 -7.52880364 -7.88693878],[-19.82388689 -19.83514157 -20.00792531],[-26.09106119 -25.76985866 -25.96716805],[-28.55382268 -28.56244326 -28.61018374],[-30.63389611 -30.74408731 -30.71701054],[-31.94328136 -31.94126873 -31.98173368],[-32.74418315 -32.78239339 -32.76984989],[-33.26580251 -33.33054535 -33.26185328],[-33.59346126 -33.59827764 -33.59280058],[-35.15065584 -35.51603396 -35.442137  ],[-38.01251674 -38.30857278 -38.28926465],[-41.1734987  -40.9186747  -41.18957506],[-42.16879342 -42.49528075 -42.54683329],[-43.69495248 -44.33915633 -44.35116063],[-44.65501296 -45.05816447 -45.49600674],[-44.85626909 -47.57538255 -47.56723291],[-43.60424406 -47.37791795 -47.34892477],[-47.0135476  -46.95013321 -46.64775727],[-46.36087136 -46.34134124 -46.35429058],[-46.36156375 -45.98991862 -46.17854604],[-44.92249541 -44.91553383 -44.09372298],[-44.26599974 -44.22796777 -43.65715653],[-43.30057527 -43.18540569 -43.12496079],[-42.57792138 -42.57341668 -38.70410594],[-39.24447609 -39.25431285 -38.77699249],[-37.92948419 -38.00265413 -37.90192894],[-35.67120192 -35.72468741 -34.49641888],[-30.92188949 -31.17471814 -29.4664414 ],[-25.634982   -25.68671347 -25.53985793],[-20.70685397 -20.71056041 -20.51116712],[-18.302817   -18.33823453 -17.10536464],[-15.67794819 -15.74055928 -14.73272991],[-14.44478256 -14.46339042 -14.36011265],[-14.20325299 -13.97201063 -14.20482088],[-13.72674367 -13.72649043 -12.9436235 ],[-1.20700786 -0.67437688 -0.81134981],[-1.98249626 -0.36116778 -0.8346655 ],[-1.77881984 -1.16252264 -1.16646011],[-1.62586039 -0.41159112 -1.20784948]
[-0.89623707 -1.43271287 -1.11793134],[-9.05747695 -7.9489732  -8.09155039],[-19.38397041 -19.3664763  -19.56110616],[-26.05274875 -26.13442144 -26.18912503],[-28.86808567 -28.86073793 -28.88603799],[-31.19078743 -31.14131711 -31.13429155],[-32.30846715 -32.31773221 -32.38295344],[-33.13632225 -33.13427207 -33.15885398],[-33.61327823 -33.58337621 -33.6244689 ],[-34.24864817 -34.3108464  -34.45760627],[-36.1860091  -36.36921078 -36.36947065],[-38.99224232 -38.7435656  -38.85171294],[-42.12422324 -42.75873302 -42.75899078],[-43.23704121 -43.56193654 -43.58682054],[-44.79289231 -46.00467299 -46.07653006],[-46.31987288 -47.50747523 -47.99274903],[-46.42417573 -49.3925905  -49.47425918],[-50.57347166 -50.55100608 -50.19935848],[-49.80944415 -49.81373026 -49.56635557],[-49.02840018 -49.01304336 -48.99079325],[-48.97046519 -48.45836312 -48.526329  ],[-48.00121964 -47.94730827 -47.81595253],[-46.88866711 -46.86924905 -46.68049437],[-44.91945573 -45.29141275 -45.19502491],[-43.06215273 -43.12372435 -42.7419883 ],[-42.35702701 -41.2089304  -42.30527325],[-39.96254332 -39.88386361 -38.50209873],[-37.93982196 -37.95565812 -37.97948979],[-34.97453443 -35.10265302 -33.46378523],[-29.98912355 -30.00527378 -27.86912228],[-23.93000484 -23.79084724 -24.03840032],[-18.80597711 -18.66773665 -18.43517095],[-16.75762302 -16.75307941 -14.83119164],[-14.52243446 -14.54315346 -13.67401515],[-13.6468413  -13.64684991 -13.49115072],[-13.27671669 -13.29421116 -13.13163771],[-11.44540001 -11.45832869 -11.48599639],[-0.30990824 -1.86741312 -0.74675295],[-1.88651422 -1.23286628 -0.41680192],[-1.7713216  -1.24428783 -0.43285221]
[-1.43163611 -1.52115529 -1.66441677],[-7.66479285 -8.72591964 -7.70811628],[-19.33191307 -19.71271583 -19.85680838],[-26.23110937 -26.3544872  -26.38399391],[-29.12223105 -29.13527188 -29.2759547 ],[-31.40513254 -31.39925525 -31.52563506],[-32.72863343 -32.74158488 -32.73705958],[-33.51037876 -33.48807773 -33.53704853],[-33.91875942 -33.96674568 -34.00615735],[-34.65430451 -34.72289221 -34.89684688],[-36.87442305 -36.81775032 -36.87607541],[-39.54229798 -39.62683226 -39.64387201],[-42.99273175 -43.52851246 -43.59991503],[-44.05416733 -44.43579601 -44.42802012],[-45.50119622 -47.0100719  -47.0930913 ],[-47.20059083 -48.57933813 -48.8477003 ],[-48.08187858 -51.89979487 -51.8582399 ],[-51.76044086 -51.77950692 -51.57319692],[-52.06276953 -52.60589924 -52.61248528],[-53.20690654 -53.24963002 -53.25668757],[-53.34919663 -53.69518639 -53.46135428],[-51.18076515 -51.50615029 -49.50252042],[-48.82286313 -48.83323561 -47.23349419],[-46.99433583 -46.81331687 -46.80325141],[-45.43868905 -45.381798   -45.38097759],[-42.96934882 -42.8234367  -42.4063065 ],[-42.0890573  -42.1179217  -40.73780704],[-38.47404741 -38.56936602 -38.18058066],[-36.91976271 -36.83341537 -36.87748717],[-34.11108976 -32.92646897 -33.93736784],[-27.76052182 -27.03079255 -25.51158071],[-19.975529   -19.86443817 -19.89389744],[-16.97044896 -16.97506818 -15.98233724],[-14.66478034 -14.68154164 -13.25894929],[-13.05299456 -13.05490325 -12.82800519],[-12.76962843 -12.78560195 -12.36390243],[-12.45518372 -12.44440861 -12.25846839],[-1.10040909 -0.29081644 -0.80989479],[-0.17451635 -1.85722686 -0.01933278],[-1.85718866 -0.44910296 -1.44189454]
[-1.36638367 -1.42784274 -1.50284281],[-8.03065624 -8.47108298 -8.01129895],[-19.05244078 -19.43667458 -19.56152382],[-26.15874275 -26.0817149  -26.42210975],[-28.80047911 -29.30376763 -29.16744978],[-31.69589884 -31.67229137 -31.81120721],[-33.07155104 -33.13088171 -33.04140955],[-33.78073181 -33.84087545 -33.81007992],[-33.97319154 -33.98500793 -34.00469537],[-35.03429157 -35.06844852 -35.23006536],[-37.14759713 -37.77268528 -37.49458119],[-40.11093787 -40.39126818 -40.10823872],[-43.91888293 -44.05393913 -44.03690596],[-44.5532918  -45.22037762 -45.22712298],[-46.41424329 -47.78904323 -47.87545019],[-48.0164288  -49.3719004  -49.46652656],[-49.12800191 -52.11954142 -52.12750112],[-50.08002165 -53.06058382 -53.06412417],[-55.3166052  -55.11841115 -55.35165321],[-57.91180742 -57.92182468 -57.9807541 ],[-58.59864532 -58.57133726 -58.15687907],[-57.45897467 -57.43487129 -56.97331143],[-55.65210043 -55.55308789 -55.57550737],[-50.07210467 -48.73048611 -50.11062975],[-46.00432951 -46.0921509  -45.98758911],[-44.82710971 -44.703083   -44.70113818],[-42.46203163 -42.50872476 -42.44362576],[-41.38991925 -41.40999346 -38.7664727 ],[-37.7213507  -37.75931851 -37.76462725],[-35.23866259 -34.93551557 -35.22210929],[-31.46553671 -31.40556031 -26.20139372],[-22.51974625 -22.41712682 -22.6654308 ],[-16.94002028 -17.17686966 -17.04279706],[-14.95930476 -14.83875855 -13.29855893],[-12.99663    -12.81877563 -12.35762993],[-12.16691054 -12.18615551 -11.90525927],[-11.91267249 -11.38762716 -11.91855167],[-6.29670547 -5.8015098  -6.11486259],[-1.83835631 -0.46413355 -0.90185606],[-1.84565418 -0.52637411 -1.79764248]
[-1.90143262 -1.36918417 -1.43390592],[-7.54529415 -7.43793762 -7.96349005],[-18.50356769 -18.4615272  -18.39520538],[-25.52533673 -25.63637058 -25.59162328],[-27.84250978 -28.71891566 -28.74134074],[-31.631833   -31.69611847 -31.66183872],[-33.23615433 -33.22836711 -33.30922245],[-34.04493902 -34.00745586 -34.02026882],[-34.24399965 -34.26562212 -34.23400892],[-35.29832094 -35.31781711 -35.38136954],[-37.22971369 -38.09178373 -38.15640516],[-40.52635475 -40.74124186 -40.74786884],[-44.35991916 -44.33621884 -44.40913796],[-44.85262858 -45.46112461 -45.45269178],[-47.14309305 -48.03201428 -47.98177374],[-48.43256742 -49.80566752 -50.04410579],[-49.85145421 -51.55080756 -51.59429943],[-51.09626848 -53.59901553 -53.51027665],[-52.11039791 -56.07107384 -56.29937494],[-52.63373391 -57.42334977 -57.13119832],[-58.26959147 -58.27051922 -57.85130766],[-57.37893633 -57.38140181 -57.06306418],[-56.82731184 -56.80536439 -56.66666355],[-55.75559222 -55.73398619 -55.71932683],[-48.9295579  -48.7336119  -47.36691266],[-45.74643539 -45.21588874 -45.18980162],[-43.38346972 -43.42139295 -42.71406393],[-42.15908776 -42.06075925 -41.87941653],[-38.39336039 -38.23311564 -37.66081107],[-36.60506222 -36.45308626 -36.47574745],[-32.86787433 -32.79859789 -31.81219188],[-25.80314328 -25.62747844 -25.48880076],[-18.72241696 -18.68628034 -18.79167493],[-15.00868051 -15.01273256 -14.04694941],[-12.47910912 -12.44335003 -11.66276569],[-11.56994516 -11.56788173 -11.37255096],[-11.43731354 -11.44243936 -10.65616281],[-9.89438746 -9.901662   -9.86689659],[-0.27787099 -1.59516014 -1.05369987],[-0.14604028 -0.70824314 -1.48004916]
[-0.82651783 -0.53217319 -1.14014363],[-6.75992632 -6.68916086 -6.9343901 ],[-18.1973584  -18.25290172 -18.82178277],[-24.60080626 -24.53624897 -24.67501014],[-27.07791722 -28.67570363 -28.63569498],[-31.33677411 -31.38231747 -31.37612571],[-33.32036414 -33.40506562 -33.44972239],[-34.2234908  -34.22942465 -34.26081599],[-34.43188942 -34.43426042 -34.41834891],[-35.42472548 -35.60162718 -35.65921994],[-36.77051476 -37.91092162 -38.10685137],[-40.79212026 -40.57498068 -40.819208  ],[-44.04434301 -43.95512916 -43.99351752],[-44.99253248 -45.25754638 -45.25394812],[-46.09309725 -46.51190667 -46.56899541],[-48.84274793 -49.64023225 -49.81900869],[-50.12591695 -51.4324732  -51.49993555],[-51.13867518 -52.74067868 -52.73234163],[-52.53387163 -55.62167479 -55.68058899],[-53.58189278 -56.45133855 -56.59264742],[-54.49346241 -56.81752208 -56.73073609],[-55.53042262 -56.30589148 -56.33819967],[-56.14432535 -56.15760865 -56.14195491],[-55.75104945 -55.86911373 -55.86780834],[-52.97374699 -52.91346969 -52.76522573],[-46.00961314 -45.63586441 -45.53277972],[-43.99558272 -43.86994497 -43.20222457],[-42.07170021 -42.07394366 -42.06404925],[-39.96876384 -39.86821652 -37.63428341],[-37.13421599 -37.07490076 -37.08422178],[-33.42131573 -33.38782685 -31.2123009 ],[-26.95776638 -26.69648439 -26.63102168],[-19.32084123 -19.31256051 -19.07511488],[-15.10301397 -15.00293718 -13.7031607 ],[-12.07329734 -11.95947244 -11.10751593],[-10.9969021  -11.01333664 -10.6787352 ],[-10.77539516 -10.78215565 -10.45838796],[-9.76444472 -9.79704276 -9.75141093],[-0.67315963 -0.50391534 -1.60187736],[-1.65604929 -1.61219228 -0.21041961]
[-1.77262091 -1.59680404 -1.90201316],[-5.44315856 -5.61340708 -5.45341853],[-15.60485244 -15.687124   -15.98416078],[-23.04974759 -22.93068673 -23.29702505],[-27.442688   -28.08306729 -28.00372782],[-30.1798394  -31.26486718 -31.25590845],[-33.32047844 -33.29826204 -33.30147606],[-34.31258109 -34.29702818 -34.26240315],[-34.6572354  -34.65284841 -34.76287305],[-35.44853723 -35.62605421 -35.65855967],[-36.60601879 -36.82959707 -36.95210625],[-39.91945485 -39.97173994 -39.99102993],[-42.3359231  -42.31353751 -42.41063684],[-44.87557197 -45.37917795 -45.41299229],[-46.29098019 -46.19934278 -46.38062577],[-48.07651751 -48.39684009 -48.44520732],[-50.07014706 -51.47850265 -51.53455224],[-51.06613212 -52.91077256 -52.8002662 ],[-52.24233973 -53.73560562 -53.68303979],[-53.11760418 -54.5839886  -54.67475776],[-53.67737261 -54.84456342 -54.90699297],[-54.36336727 -54.68711428 -54.68025788],[-55.05233472 -55.14879864 -55.15658373],[-54.87075101 -54.96458636 -54.97040558],[-54.18362029 -54.17433085 -54.08907391],[-46.67639363 -46.46783812 -46.21154346],[-44.10980854 -44.10974621 -42.65413551],[-42.04748106 -41.92841583 -41.76943732],[-40.01936425 -39.94593203 -38.08558468],[-36.90824921 -37.04455472 -36.90386905],[-33.11363792 -33.09592854 -32.49203655],[-27.41996514 -26.94321219 -26.96023861],[-19.06457774 -19.02560557 -19.04470091],[-14.44858381 -14.21500545 -13.14435645],[-11.47765689 -11.63318137 -11.14878471],[-10.4482393  -10.33565651  -9.99949239],[-10.10018854 -10.09970614  -9.69371415],[-9.66319194 -9.63377106 -9.65136273],[-0.67788169 -1.05029952 -0.78424345],[-1.26265783 -0.9458725  -1.64696593]
[-0.63290257 -1.3572836  -0.67177179],[-2.55985048 -2.87169324 -3.27639077],[-12.97791795 -12.47826446 -12.50926846],[-20.87833341 -21.03560595 -20.80434446],[-26.98869804 -26.95327724 -26.99782099],[-29.85123071 -30.37482639 -30.38670087],[-32.84464322 -32.90828391 -32.85937789],[-34.07923199 -34.14583215 -34.11923236],[-34.87651737 -34.84013325 -34.83659675],[-35.20331553 -35.23649427 -35.28130467],[-36.78370319 -36.77900794 -36.74582449],[-37.74210087 -38.75067243 -38.77948758],[-41.25921001 -41.47689934 -41.45883693],[-44.55346855 -44.59247204 -44.60261096],[-45.239639   -46.29783352 -46.29240848],[-47.24714505 -47.45850858 -47.45892482],[-47.86391339 -48.7114554  -48.77172272],[-50.97864756 -52.18726321 -52.17049565],[-52.12579783 -53.26610218 -53.28678217],[-52.95066002 -54.1532375  -54.1863527 ],[-54.38590137 -53.47339541 -54.39115368],[-53.84219965 -53.87892151 -53.86665423],[-53.5613463  -53.50636249 -53.49792974],[-53.7730411  -53.77083974 -53.61242014],[-53.21096491 -53.32424288 -53.29861266],[-46.7011696  -46.7101864  -46.46111476],[-43.69415069 -43.69929184 -42.37561985],[-41.62676242 -41.73166406 -41.65002607],[-39.3149387  -39.30772235 -38.2460928 ],[-36.79708911 -36.73092864 -36.66001714],[-32.97075248 -32.86407851 -32.4930038 ],[-27.31283445 -27.29510109 -26.7647037 ],[-18.59385777 -18.48615914 -18.48827759],[-13.56893136 -13.3701777  -12.6082686 ],[-11.21995669 -11.07060677 -10.8199791 ],[-9.75761269 -9.84557007 -9.20433549],[-9.42810634 -9.40951209 -9.13856025],[-9.0059814  -8.70102893 -8.98844654],[-1.92512941 -0.43732789 -1.11728078],[-0.10072169 -0.21081043 -0.46216894]
[-1.73724823 -1.35005698 -1.57890481],[-1.2474821  -1.64286021 -1.97698972],[-9.04243476 -8.45905616 -8.60258748],[-18.61387413 -18.45780978 -18.62990085],[-25.34290975 -25.49694138 -25.32295166],[-27.79659475 -29.51587071 -29.35329271],[-32.02593167 -31.90814069 -31.75059355],[-33.79371819 -33.77875501 -33.83132055],[-34.85760058 -34.83059592 -34.86960136],[-35.14350003 -35.10799034 -35.12435373],[-36.29028792 -36.21988161 -36.21373876],[-37.65127298 -37.77226512 -37.74022552],[-39.98158701 -39.43776412 -40.02935308],[-41.75530855 -42.23628305 -42.2223068 ],[-45.03647176 -45.02552481 -45.09308584],[-45.81222606 -46.69359561 -46.65426502],[-47.6571396  -47.68410419 -47.67192855],[-48.55204984 -48.7496343  -48.75745163],[-49.32958278 -50.4852189  -50.52422795],[-49.81729108 -51.36925872 -51.27774979],[-50.88688545 -51.84162505 -51.8214873 ],[-52.38904216 -52.15394712 -52.41544574],[-52.65615798 -52.61237015 -52.64008775],[-52.55541137 -52.53320758 -52.16794691],[-52.09349154 -52.0600601  -52.09282226],[-46.20069345 -46.25739843 -45.72245542],[-43.00184573 -43.02795137 -42.25955791],[-41.2865519  -41.19500829 -41.18050372],[-38.80385414 -37.34374817 -38.72461826],[-36.14379964 -36.11758531 -36.0130169 ],[-32.38888493 -32.36515197 -31.56161658],[-26.59896411 -26.24447309 -25.79538417],[-18.60814768 -17.77786469 -17.77930531],[-12.96126589 -12.58118653 -12.40401956],[-10.40305823 -10.36815346 -10.15211213],[-9.08657278 -9.09129616 -8.39628858],[-8.70798599 -8.70945896 -8.30872622],[-8.24496171 -8.24273272 -8.08427351],[-1.20820765 -0.12429616 -0.47233018],[-0.99101585 -0.66830007 -1.7987572 ]
[-0.84289148 -0.39929733 -0.54762248],[-0.84167672 -1.16489944 -1.22219194],[-4.62707319 -4.58749959 -4.33855635],[-14.02827045 -13.96404597 -13.87130722],[-21.66176515 -21.53404234 -21.49288059],[-26.69199185 -26.84035359 -26.91886188],[-30.17648663 -30.76871685 -30.81317735],[-33.20750151 -33.22054402 -33.24047872],[-34.57235109 -34.52904642 -34.53921021],[-35.27390534 -35.29151471 -35.29122514],[-35.4252748  -35.3966386  -35.44766847],[-37.09090589 -37.17125515 -37.13640061],[-38.23599788 -38.45169348 -38.44033555],[-40.50718715 -40.38391482 -40.51156813],[-42.25988156 -42.51851658 -42.50483222],[-44.85847033 -44.879555   -44.87938554],[-45.93207934 -46.63422415 -46.60339406],[-47.0555068  -47.91788515 -47.92106333],[-47.94592827 -48.64114997 -48.6320431 ],[-49.27001239 -49.50571734 -49.48732266],[-50.08608873 -50.17798161 -50.1958189 ],[-50.65576686 -50.53398435 -50.65581993],[-50.90185392 -50.5290134  -50.9244924 ],[-50.94958248 -50.91926718 -50.91827959],[-48.50822561 -48.70700521 -48.62114384],[-44.33507619 -44.51584469 -43.87263881],[-41.87974659 -41.75875619 -41.7947032 ],[-40.22090794 -40.38085194 -40.34285206],[-38.10784633 -38.05613565 -36.47756236],[-35.50794178 -35.58708579 -35.37507146],[-31.39523497 -31.40543137 -30.72853831],[-26.34479698 -26.0196815  -24.93744483],[-17.69105438 -17.21982081 -17.42907365],[-11.96230701 -11.84217395 -11.46957649],[-9.51991015 -9.46376255 -9.47900147],[-8.30609538 -8.29547924 -7.8185099 ],[-7.98683182 -7.98746665 -7.72696005],[-7.49809067 -7.62706201 -7.62688324],[-1.63331967 -0.96823116 -1.6213129 ],[-0.85968099 -0.78900546 -1.26817854]
[-0.82961102 -1.48903161 -0.3135693 ],[-0.09080437 -1.38245502 -1.33774964],[-2.74209836 -2.38933425 -2.26084536],[-9.30292766 -9.12289549 -9.35277547],[-18.00641914 -17.86773595 -18.09251621],[-23.96367875 -23.68947429 -23.96418926],[-27.40905855 -28.62085225 -28.4810656 ],[-31.97667894 -31.7988323  -31.80027691],[-33.81964884 -33.70796022 -33.78702404],[-35.02084392 -35.06064589 -35.04253196],[-35.52723863 -35.52695912 -35.53743153],[-35.80006459 -36.0814225  -36.09389907],[-37.77354219 -37.81104825 -37.69125926],[-38.62693228 -38.62575466 -38.59604367],[-39.68252218 -40.72644716 -40.51821029],[-42.65769692 -41.91404595 -42.68833857],[-43.84848929 -44.10383238 -43.88390853],[-44.99659349 -45.26554675 -45.2767039 ],[-47.28967499 -47.27666474 -47.34836671],[-47.66857949 -47.6801042  -47.70226213],[-48.02029665 -47.99317818 -48.01545522],[-48.26732464 -48.25238764 -48.25777336],[-48.00762327 -48.01680743 -47.95080423],[-47.14688488 -47.07018291 -47.02511888],[-45.96898407 -45.94993584 -45.81500582],[-41.90213721 -41.95981916 -41.17253397],[-41.09503104 -41.07806932 -41.07789674],[-39.19491284 -39.04374244 -37.75129995],[-36.72736159 -36.8316602  -36.12850619],[-34.50996334 -34.36040261 -34.36701926],[-30.32696143 -30.38526986 -28.31491738],[-23.8903426  -23.97040133 -23.53785295],[-15.85314472 -15.85727464 -15.35313118],[-10.7755366  -10.47495175  -9.82815769],[-8.6501921  -8.64619905 -8.47021232],[-7.53668265 -7.51439554 -7.16197996],[-7.22712181 -7.22218589 -6.92178051],[-6.71935773 -6.6816689  -6.70458848],[-1.27201612 -1.19279397 -1.04969617],[-0.94181114 -0.24165171 -0.10514393]
[-0.44121089 -1.98225858 -1.68937507],[-1.22905534 -1.64007634 -0.84267778],[-0.51558302 -0.44788834 -1.19590738],[-3.94852727 -4.56446252 -4.10953545],[-13.69962054 -13.7804389  -14.32331768],[-20.51728548 -20.54825766 -20.71073071],[-25.9237006  -25.86058032 -25.79120177],[-28.55434055 -30.2320857  -30.20266899],[-32.78868492 -32.71621645 -32.6668643 ],[-34.09805798 -34.22838716 -34.1667059 ],[-35.282323   -35.28513062 -35.33968641],[-35.7015699  -35.7266766  -35.69076937],[-36.30267766 -36.60963868 -36.60783999],[-37.52150611 -37.60115316 -37.52961691],[-38.99846014 -39.08936916 -38.98711619],[-39.78733854 -39.98321526 -39.96128012],[-41.73584764 -41.68487703 -40.602391  ],[-43.27358435 -43.26916764 -43.33959359],[-43.94071872 -43.91026144 -43.92297473],[-44.21757021 -44.38176887 -44.24958019],[-44.54493091 -44.56036969 -44.53863254],[-44.63991722 -44.62752851 -44.62856987],[-44.58996053 -44.5755786  -44.54524282],[-42.6679465  -43.95692454 -43.97280172],[-41.12305176 -40.87599628 -41.14177854],[-40.88806155 -40.85695653 -40.86829025],[-39.17457762 -39.21806933 -38.89274428],[-38.02646666 -35.46300346 -38.06222543],[-35.16764778 -35.16160929 -35.10693253],[-32.01773201 -32.17212414 -32.13401456],[-28.18430357 -28.17576498 -27.27009852],[-21.94575246 -21.37941766 -21.96259433],[-13.81937508 -13.6197145  -12.97453735],[-9.1217113  -9.03385449 -8.99905802],[-7.6611998  -7.2061266  -7.65656882],[-6.77321961 -6.74656567 -6.39641039],[-6.48504869 -6.46946541 -6.18128673],[-5.95368387 -5.94689024 -5.83631345],[-1.82257139 -0.67715535 -1.09380176],[-1.1960934  -0.61696003 -1.54500339]
[-0.82716837 -0.63798703 -0.08951416],[-0.38554714 -0.65830067 -1.45557571],[-0.74143987 -0.42947958 -1.22378594],[-1.55330389 -1.70706788 -1.87375014],[-7.5040911  -7.19319689 -7.42419472],[-14.85289339 -15.0593456  -15.03391543],[-21.51789676 -21.8531447  -21.71200723],[-27.05912712 -27.16969265 -26.98274033],[-29.9115861  -30.45348367 -30.57428775],[-32.81890829 -32.9220262  -32.81430769],[-34.21884123 -34.19145724 -34.3456217 ],[-35.50184671 -35.48668149 -35.5088453 ],[-35.73733933 -35.83045656 -35.74338528],[-36.78466606 -36.52143208 -36.76492332],[-37.40104139 -37.68729617 -37.64348199],[-39.1218882  -39.23815722 -39.15099296],[-39.89734949 -39.8915437  -39.85993629],[-40.00992179 -40.00004944 -40.02164021],[-40.20000267 -40.19157691 -40.21274901],[-41.01835051 -40.81543785 -40.93634035],[-40.91519168 -40.92952068 -40.91273166],[-40.65727636 -40.53786015 -40.62527009],[-40.47914869 -40.4178558  -40.49338003],[-40.35256855 -40.36749931 -40.32714523],[-40.25983822 -40.21583198 -40.24781672],[-38.69541358 -38.78087091 -38.6315024 ],[-37.62396762 -37.67426603 -35.08122042],[-35.19081022 -34.99669225 -35.33106802],[-33.69675699 -33.79944382 -33.77085213],[-30.09044577 -28.09337325 -30.20793613],[-26.50880334 -26.51070377 -26.70005373],[-16.23479889 -15.82265749 -15.90014056],[-10.23568073 -10.10102311  -9.97325479],[-7.77556643 -7.63707877 -7.5537977 ],[-6.58712451 -6.60198143 -5.79046365],[-6.02613575 -5.81075137 -6.02499086],[-5.68923311 -5.69316497 -5.39020769],[-4.36599435 -4.25639314 -4.26147822],[-1.55243301 -1.53548481 -0.3372085 ],[-0.92699703 -1.97185409 -0.34079158]
[-0.53632692 -1.14294451 -0.28414431],[-1.6345964  -0.06770615 -1.00372592],[-0.7834671  -1.93427308 -1.83761908],[-0.12235695 -0.72766833 -1.51967126],[-3.44938377 -2.91291155 -3.03794033],[ -9.73271229 -10.46527335  -9.90966253],[-16.97181044 -17.11041212 -17.01511323],[-22.91208448 -22.76173956 -23.14164191],[-27.38817716 -27.40236253 -27.37569932],[-30.06263405 -30.75902676 -30.86829977],[-32.77646679 -32.76464867 -32.87148253],[-33.94478359 -34.00330869 -34.11759221],[-35.22342947 -35.17887834 -35.14211552],[-35.61761618 -35.64556409 -35.63939472],[-35.8191495  -36.40697439 -36.3768576 ],[-36.96663563 -37.3942355  -37.35311025],[-38.22661574 -38.12441893 -38.3254741 ],[-39.14478874 -39.03751911 -39.15600761],[-39.43243365 -39.39549421 -39.41814433],[-39.788647   -39.80868179 -39.84330034],[-39.85756496 -39.88681135 -39.85732749],[-39.79551134 -39.8382903  -39.79656753],[-39.45890396 -39.47071606 -39.42192104],[-38.86347632 -38.78219376 -38.76524198],[-38.07453497 -38.10949943 -37.89742284],[-37.10547515 -37.09334591 -34.96963086],[-35.39241394 -35.37393896 -34.87273947],[-32.91141682 -33.12152995 -32.91616116],[-30.82188822 -30.89023101 -30.12250408],[-27.78858151 -27.67863141 -26.08808523],[-20.50163482 -20.60037747 -20.47217836],[-12.56893081 -12.74944974 -12.53110169],[-8.00054971 -8.23489203 -7.89948762],[-6.68250676 -6.68388762 -6.41102773],[-5.66565281 -5.66931181 -5.15078181],[-5.29181389 -4.98278712 -5.28394795],[-4.97861382 -4.97347479 -4.84746824],[-0.67643921 -0.89277208 -0.52132337],[-0.7255707  -0.07725439 -1.27212501],[-1.20141727 -1.21826335 -1.11078526]
[-1.12139632 -0.52527292 -0.48906893],[-0.95207825 -0.74520849 -1.23351864],[-0.98993388 -0.885868   -0.41774208],[-0.64285889 -0.27066264 -0.1650112 ],[-0.22496048 -1.86934285 -1.62538776],[-4.39732202 -4.21347066 -4.55814548],[-11.55858006 -11.81073209 -12.12039158],[-16.87417531 -17.48081599 -17.19477822],[-22.76040115 -22.81176865 -23.11301928],[-27.46339093 -27.64755233 -27.42156481],[-29.50750502 -30.57044216 -30.5949029 ],[-32.12658047 -32.67320569 -32.62338156],[-33.30982326 -33.39641819 -33.41101715],[-34.99023197 -34.96540768 -34.99069415],[-35.44794302 -35.42102534 -35.49779477],[-35.82883157 -35.64847221 -35.81758049],[-36.20135473 -36.79852124 -36.74680477],[-37.33783843 -37.09356418 -37.32483604],[-37.54455283 -37.69524685 -37.57897263],[-37.83266427 -37.86463369 -37.84889921],[-38.0198933  -38.0213417  -38.03633356],[-37.96683918 -37.98503801 -37.97707374],[-37.78206084 -37.36112293 -37.79751453],[-37.26963932 -36.8658123  -37.26258932],[-36.48510043 -34.92575102 -36.44738844],[-34.77144823 -34.76278411 -34.77592573],[-32.98686518 -33.13220977 -32.99903629],[-31.28029656 -31.27161627 -30.72322613],[-29.04671691 -29.04772429 -26.04201911],[-24.78446074 -24.73881687 -24.71980209],[-15.74337136 -15.92031554 -15.79255085],[-9.19046375 -9.67259517 -8.84687373],[-6.70837857 -6.74674802 -6.25514942],[-5.46522969 -5.49741931 -5.0798098 ],[-4.86567849 -4.80558078 -4.52452975],[-4.6264794  -4.62743408 -4.45987068],[-4.37827713 -4.35753706 -4.38395559],[-0.16430482 -0.58558706 -0.97226045],[-1.63613876 -0.9041166  -1.18005275],[-0.25901233 -0.91113877 -0.37611834]
[-1.25250988 -0.8306887  -1.49448394],[-1.97038352 -0.66504368 -1.08704628],[-0.01867944 -1.45499634 -1.37964725],[-0.27410172 -0.00564706 -1.2702841 ],[-0.16337201 -1.53571123 -0.54775188],[-1.64130014 -0.60179303 -0.03122084],[-5.47705998 -5.58600374 -5.58739201],[-11.92576589 -12.3147429  -11.98259667],[-16.92524601 -17.28928732 -17.1812793 ],[-22.72995822 -22.88971598 -22.78811797],[-27.27620726 -27.29687301 -27.30389046],[-29.13691512 -29.97532317 -29.95382379],[-31.18512689 -32.18268039 -32.17515391],[-32.89997415 -33.12503194 -33.1968212 ],[-34.12197212 -34.23975773 -34.20574269],[-35.04907911 -34.99895873 -35.04263848],[-35.29646301 -35.26036133 -35.38757975],[-35.36660628 -35.3760658  -35.38822772],[-35.51154346 -35.85656979 -35.81179696],[-36.24878025 -35.9017066  -36.3500114 ],[-36.21057222 -36.35705579 -36.34867504],[-36.29077626 -36.29260495 -36.07878134],[-35.8025231  -35.78288481 -35.54448717],[-35.15374291 -34.7319345  -35.1742154 ],[-34.27925614 -34.26987766 -34.27586668],[-32.62410504 -32.75178193 -32.78171987],[-30.96125417 -30.91514756 -30.71480556],[-29.27153167 -26.33879213 -29.16649674],[-25.45376361 -25.41115951 -25.38113178],[-17.3271256  -16.89686069 -17.15772694],[-11.28457186 -11.29061919 -11.15907284],[-6.56536525 -6.58120595 -6.49995502],[-5.49000907 -5.46812122 -5.29259701],[-4.47461839 -4.45718232 -3.91562927],[-4.15500979 -4.15508474 -3.90268721],[-3.92777964 -3.86403453 -3.92911357],[-2.69552002 -2.76606553 -2.67584598],[-1.26571435 -0.3972345  -0.82323062],[-1.49400452 -1.52764159 -1.25451843],[-0.64636238 -1.55735723 -0.23524753]
[-0.09817051 -0.55519017 -0.64342584],[-0.59693475 -0.89920733 -1.17739028],[-1.56810599 -0.17369967 -0.39467541],[-1.67082655 -1.22359257 -1.52569462],[-0.63373952 -0.46635564 -1.76924623],[-1.34592091 -0.9201163  -1.88180023],[-1.54808159 -1.82029964 -1.07703978],[-5.31890595 -5.80525157 -5.49353466],[-11.58457953 -11.84876494 -11.55163482],[-16.62402967 -17.03564466 -16.72019561],[-22.38938748 -22.46686518 -22.51880939],[-25.92869884 -25.81773844 -25.83559951],[-29.16948404 -28.81152927 -29.20084643],[-30.4691521  -31.44889507 -31.59455903],[-32.352874   -32.29410565 -32.33290103],[-32.78881945 -33.01264248 -33.09151724],[-33.80437285 -33.68584637 -33.79688032],[-34.29418745 -34.32649451 -34.28701581],[-34.57529989 -34.64999738 -34.58574411],[-34.47132987 -34.36406228 -34.32797607],[-34.15747131 -34.16588121 -34.19706588],[-33.98797343 -33.96984821 -34.0127462 ],[-33.59825722 -33.64012284 -33.58809443],[-32.89046607 -32.92851471 -32.85147204],[-31.33516707 -31.50522148 -31.40544829],[-30.15066134 -30.25454506 -28.53889269],[-28.96104194 -28.91727488 -25.58392308],[-25.1141875  -25.12705071 -25.05400301],[-19.36054031 -19.31873798 -19.41857982],[-12.63534227 -12.5090853  -12.5255958 ],[-6.39672425 -6.50088282 -6.72591138],[-5.55480662 -5.38251223 -4.94197904],[-4.41120062 -4.34385661 -3.98188082],[-3.80509116 -3.80993889 -3.33531887],[-3.52758873 -3.52566107 -3.29155426],[-3.26209048 -3.25629056 -3.25739682],[-0.94104274 -1.77842405 -1.43528329],[-1.01062774 -0.675381   -0.80292435],[-1.46367968 -0.44404971 -0.27079091],[-0.0248192  -0.51425297 -1.78329703]
[-1.30999071 -1.09820616 -1.58990654],[-1.86686067 -0.08987182 -1.68060535],[-1.75154644 -0.78267689 -0.04189326],[-1.16850219 -1.00519108 -1.79347483],[-1.20434563 -1.53912161 -1.98833173],[-0.3417665  -0.8880895  -1.94533648],[-0.5189477  -0.32654476 -0.05483768],[-0.79817477 -1.99374598 -1.2016533 ],[-4.6846619  -5.02680275 -4.87056314],[-11.47755737 -11.57825808 -11.80819418],[-15.01440266 -16.10209432 -16.00209691],[-21.35798156 -21.0917674  -21.40554923],[-24.37965502 -24.78648341 -24.86435345],[-28.08615943 -27.91558637 -28.20174252],[-28.60451778 -29.84778187 -29.97878281],[-30.02086943 -31.31049973 -31.37476886],[-31.80535181 -32.06586156 -32.02416219],[-32.45575113 -32.35883321 -32.51081366],[-32.59914698 -32.6948144  -32.71143798],[-32.7010012  -32.5757028  -32.74719248],[-32.54345557 -32.56942575 -32.55753218],[-32.30459885 -32.32857755 -32.29918626],[-31.66211804 -31.7245482  -31.73745278],[-31.21176088 -30.17517862 -31.22417528],[-29.58091751 -28.22953118 -29.54649786],[-27.99026055 -27.92193535 -25.18626281],[-24.37726283 -24.48499593 -24.43919643],[-19.59610142 -19.31472308 -19.65483915],[-13.91672084 -13.81156247 -13.76661502],[-7.22213784 -7.62116288 -7.5224346 ],[-5.26641386 -4.58779255 -5.29860757],[-4.1239698  -4.13574034 -3.96060061],[-3.40652397 -3.38768566 -2.82328731],[-3.18011296 -3.10626603 -2.79463965],[-2.83087834 -2.83230237 -2.75449708],[-2.63588018 -2.63070694 -2.63936425],[-1.10425193 -1.16653636 -0.90259757],[-1.74791968 -1.62217006 -0.46003464],[-6.13750911e-04 -8.28588739e-01 -6.29897348e-01],[-0.94405426 -0.09674241 -1.1181028 ]
[-1.54843248 -1.62446697 -0.52292888],[-0.18012827 -1.65384972 -1.013162  ],[-0.68720928 -1.81788043 -0.68149151],[-0.57792972 -0.7336801  -0.54349928],[-0.71631445 -0.56641768 -0.70396733],[-0.95940606 -1.56193782 -1.98895165],[-0.05835499 -1.54756216 -1.17155995],[-0.75700554 -1.78465742 -0.73019339],[-1.22713493 -1.82524767 -1.44182397],[-4.91771296 -5.36031668 -5.24295252],[-10.85644965 -11.05191331 -10.82142921],[-15.79895262 -15.93349067 -16.0107829 ],[-19.87753143 -19.83034882 -20.15591132],[-23.39465314 -23.19470738 -23.68362642],[-26.05135814 -26.08918903 -26.27940802],[-26.92785823 -27.34810422 -27.40447167],[-27.30650983 -29.54192064 -29.69342609],[-29.36172803 -30.05948386 -30.2031184 ],[-30.2623015  -30.48300324 -30.53489019],[-30.70574738 -30.55096563 -30.68856181],[-30.66987457 -30.67321001 -30.66422459],[-30.24226704 -30.19644398 -29.51777518],[-29.72786943 -29.74171417 -26.00743569],[-25.46041304 -28.67694036 -28.73208106],[-25.56414    -25.59170047 -23.73221066],[-22.60763831 -22.74772475 -22.73577542],[-19.23610137 -19.02881641 -19.07898309],[-14.34089453 -14.66570125 -14.50452807],[-8.06133574 -8.4434622  -8.24046962],[-4.82207852 -4.9091195  -4.99287152],[-4.00572294 -3.77827279 -3.55623324],[-3.18992522 -3.18787896 -2.95385542],[-2.80039533 -2.6934395  -2.34884296],[-2.58281696 -2.555768   -2.27765842],[-2.26713491 -2.26656997 -2.24108401],[-1.02534168 -1.30900341 -1.04025122],[-1.67446312 -0.1940517  -1.55029579],[-1.8785883  -1.44595906 -1.36677702],[-0.43727192 -1.0266743  -1.26772784],[-1.78195357 -1.30763266 -1.89425656]
[-1.39429767 -0.34893423 -0.05409448],[-1.86938276 -0.88934681 -0.01371126],[-1.16583037 -0.34699099 -0.6952188 ],[-1.41391355 -0.18044416 -1.56485701],[-0.42215404 -0.38315684 -1.19662378],[-1.85565458 -1.9565888  -1.72939221],[-0.22058587 -0.57082111 -0.37004556],[-1.35390996 -0.45633271 -0.25326006],[-0.88185923 -0.70758619 -0.0837763 ],[-1.57247058 -1.63245861 -1.37843387],[-4.52900894 -4.45727491 -4.5973873 ],[-10.69773513 -10.83340004 -10.79365501],[-15.91615715 -15.6769659  -15.63994559],[-17.92098039 -17.79618214 -17.72484603],[-21.48969771 -21.36589703 -21.35070215],[-23.25868444 -23.43433356 -23.11114684],[-25.08787968 -25.12743625 -25.20368498],[-25.99256276 -25.77268271 -25.93888101],[-26.26341246 -26.5818407  -26.41782358],[-26.10012421 -26.09579196 -26.13498616],[-25.54088287 -25.47628847 -25.49405195],[-24.46506975 -24.37610993 -24.49181114],[-23.20414834 -23.32492845 -23.30101906],[-21.65309821 -21.56886335 -21.6296885 ],[-20.06003551 -19.93054569 -19.99628973],[-17.97316571 -17.85036881 -17.9849068 ],[-13.97040804 -13.86433749 -14.20036124],[-7.98484323 -7.98489163 -8.14775371],[-4.76848856 -4.66501801 -4.65077432],[-3.71761017 -3.72529039 -2.89646333],[-2.77958162 -2.78221227 -2.67923191],[-2.38258128 -2.34457009 -1.88476216],[-2.21133024 -1.87263888 -2.23652432],[-1.98303281 -1.98771419 -1.82061676],[-1.77095465 -1.77061016 -1.77061989],[-1.4647181  -1.76477631 -0.52941896],[-1.25520371 -0.39415386 -0.34463486],[-1.62971579 -0.00767305 -1.76622778],[-1.77181935 -0.87020542 -0.06947503],[-1.99020696 -1.90760227 -1.54748494]
[-1.79189058 -0.57564974 -1.65170618],[-0.68551369 -1.49816593 -1.84505933],[-1.24454564 -1.40569462 -1.91755381],[-1.87285088 -0.67386365 -0.02070553],[-1.53448329 -0.0417468  -1.62910854],[-0.80488538 -1.09079133 -1.92997513],[-1.3463727  -1.44235725 -1.2962979 ],[-1.10344462 -0.21353531 -1.44957299],[-0.7782422  -0.86894171 -1.35514165],[-0.34555884 -0.97498022 -1.98741893],[-1.67142887 -1.84005999 -1.8110034 ],[-4.72672532 -4.6340249  -5.02225308],[-9.27187664 -9.3279532  -9.32139317],[-14.47425454 -15.2003189  -15.21420357],[-15.98847556 -15.97010302 -15.95992486],[-18.69136501 -19.05238129 -18.68400688],[-21.21996482 -21.33603254 -21.28681487],[-21.58094228 -21.78169173 -21.65142231],[-22.04909776 -21.62667334 -21.95889986],[-21.84232108 -22.22315165 -22.25983236],[-21.43127911 -21.37891397 -21.36756112],[-20.99647299 -21.0223592  -20.9649781 ],[-20.24717227 -20.27015367 -20.18646629],[-19.37254869 -19.46351099 -19.38389984],[-16.01777083 -16.08220443 -16.29335926],[-12.65487834 -12.7076837  -12.83766789],[-8.0272975  -7.72186894 -7.97737565],[-4.38174518 -4.51597711 -4.41592452],[-3.23944713 -3.26483257 -2.55311604],[-2.39918919 -2.39998431 -2.07174978],[-2.01231289 -1.60094898 -2.00052782],[-1.78280602 -1.85561471 -1.45590217],[-1.72503047 -1.67021579 -1.45533059],[-1.43119552 -1.5279284  -1.5322484 ],[-1.20928228 -1.19640465 -1.19029739],[-1.31673362 -1.45130461 -1.26053627],[-0.95982063 -0.13692174 -1.97294185],[-1.80522079 -1.54642329 -0.67232574],[-0.72205362 -0.88447226 -0.33866973],[-1.17780028 -1.79897532 -1.77438788]
[-0.77156923 -1.97576486 -0.9647586 ],[-0.06021044 -0.7022063  -0.73060052],[-1.22072641 -0.22849461 -0.25833097],[-1.5392157  -1.92589059 -0.89425839],[-1.0372881  -0.34820414 -1.82433065],[-1.00858241 -0.97685605 -0.97328041],[-1.79462983 -1.93359701 -0.15966247],[-1.35510076 -0.69919412 -1.7479934 ],[-1.86774824 -0.80431755 -0.18894099],[-1.55541738 -0.05317042 -0.60816548],[-1.13153886 -1.30546491 -1.39651188],[-1.663322   -1.36404245 -1.540575  ],[-4.43864376 -4.26657316 -4.39340553],[-7.61258177 -7.46518128 -7.43194481],[-11.63857334 -11.46275703 -11.34818273],[-14.44932227 -14.66190882 -14.62803773],[-15.82620784 -15.84047836 -15.77734436],[-16.78787029 -16.79304207 -16.98456079],[-18.04200642 -18.11003191 -18.08441574],[-18.49805567 -18.11694269 -18.43832532],[-17.58915228 -17.58392645 -17.64404931],[-16.99476156 -16.93626536 -16.9584486 ],[-15.63160821 -15.70157692 -15.75394071],[-13.68007772 -13.86081018 -13.80513792],[-11.60332843 -11.53227075 -11.632514  ],[-6.60714086 -6.79105257 -6.79828983],[-3.60212241 -3.58865552 -3.49421506],[-2.64122799 -2.6382202  -2.54949108],[-2.05399003 -2.10315953 -1.59938225],[-1.6957598  -1.70360619 -1.23861941],[-1.26108235 -1.41319221 -1.42276075],[-1.36386974 -1.36747101 -1.08102543],[-1.218817   -1.06710761 -1.22234983],[-1.77887947 -1.03840143 -1.42475163],[-1.53577418 -1.95325877 -1.04123216],[-0.67985569 -1.89492562 -0.10796869],[-0.84117031 -0.49380927 -1.80402355],[-0.01501206 -1.80512646 -1.81976713],[-1.18959972 -1.32175452 -1.91919553],[-0.41747383 -1.37747126 -0.04686267]
[-0.82509696 -1.40919285 -1.72645061],[-0.93391942 -1.97945574 -1.02754443],[-0.17042962 -1.82316467 -1.23453394],[-1.90299111 -0.03708571 -0.55970478],[-1.48987314 -0.90334452 -0.40977416],[-0.75407812 -1.58017103 -0.27335756],[-0.15705042 -0.76232112 -1.60278688],[-0.046065   -0.57035846 -1.03706796],[-0.51595047 -1.21010759 -1.54810099],[-0.33792612 -0.02802192 -1.01260252],[-1.58254783 -0.11793595 -1.6639909 ],[-0.85346917 -0.48565455 -1.57876393],[-1.41062832 -1.32515079 -1.66574302],[-3.88041793 -3.62057599 -3.69591415],[-6.36893848 -6.47780722 -6.37059822],[-8.58356027 -8.75846711 -8.51780279],[-11.50585378 -11.5548925  -11.61515879],[-13.27435222 -13.57055993 -13.67379234],[-13.89907226 -13.96766629 -13.80692683],[-13.8779763  -13.70457409 -13.99063057],[-13.86440274 -13.45665362 -13.43895846],[-12.65736136 -12.63380827 -12.7144739 ],[-11.69639476 -11.63818823 -11.08000747],[-10.14391785 -10.1165439  -10.26569955],[-4.39239223 -3.66129253 -3.9924101 ],[-2.8117466  -2.82284947 -2.68030295],[-2.18430316 -2.07186627 -2.06446248],[-1.71930663 -1.74059981 -1.35346962],[-1.35022852 -1.35229646 -1.18457049],[-1.13475374 -1.17067622 -0.85509309],[-1.03191472 -0.79856686 -1.03477383],[-0.97355182 -0.98055128 -0.77166175],[-1.03876153 -0.93380575 -0.79048482],[-1.8174664  -1.78715276 -0.72514449],[-1.54209442 -1.44755544 -0.13197292],[-1.17974032 -0.90808257 -1.3305667 ],[-1.9291237  -0.35659716 -0.90641063],[-1.82669513 -0.34991357 -1.66509043],[-0.33093186 -0.18431449 -1.4239289 ],[-0.40351623 -1.8798993  -0.87363616]
[-0.73645907 -1.06802427 -0.00315263],[-1.53899109 -0.06707364 -0.3113672 ],[-0.69951339 -0.1520084  -0.99321369],[-0.06930302 -1.20653343 -1.5872239 ],[-1.89258449 -0.43766111 -0.60402838],[-0.50736114 -0.2727641  -0.08947131],[-0.7896395  -0.24227606 -0.26271743],[-0.72098065 -1.21455891 -1.25721474],[-0.50732397 -1.82173362 -1.10157695],[-1.77763367 -1.17846075 -1.98430527],[-0.99735404 -0.82501178 -1.87118138],[-0.29564189 -0.67372476 -0.5302753 ],[-0.92898125 -0.96459507 -0.82340573],[-1.18803409 -1.19746632 -1.24534282],[-2.91180013 -2.98040492 -3.04748171],[-4.66535358 -4.57920271 -4.64488302],[-6.71893989 -6.79233935 -6.62328539],[-7.3207255  -7.47115612 -7.67954995],[-9.88378393 -9.56290894 -9.74911637],[-9.90341899 -9.98791592 -9.8109531 ],[-9.1661886  -9.0701531  -9.14638156],[-8.20285008 -8.18384566 -8.1514561 ],[-6.11950427 -6.05555191 -6.03438165],[-3.16784221 -2.95691356 -2.39572909],[-2.06179168 -2.05956491 -2.01041377],[-1.52689829 -1.51795391 -1.54780249],[-1.32158217 -1.28486777 -1.3229852 ],[-0.97793558 -0.96300358 -0.72768921],[-0.57194187 -0.79382141 -0.78117738],[-0.54700943 -0.723893   -0.72251404],[-0.67107763 -0.67943199 -0.53158098],[-0.75713103 -0.496844   -1.18400277],[-1.0103153  -0.47889545 -0.75652972],[-1.60656931 -1.18970449 -0.26979535],[-0.52638778 -1.79611753 -1.17847866],[-0.64414969 -0.03354617 -0.98842166],[-0.15441844 -0.56113615 -1.55840495],[-0.59155117 -1.49311099 -1.43313297],[-1.16960327 -1.557487   -1.17727224],[-0.16942888 -1.28569003 -0.08862617]
[-1.37077378 -1.08624799 -1.02657717],[-1.38055639 -1.74850038 -0.788419  ],[-1.14806789 -0.46410564 -1.36157295],[-1.94452089 -1.93457193 -1.68241288],[-1.21445706 -1.07623636 -0.12142817],[-0.52244877 -0.03973536 -0.10726423],[-1.03275552 -0.033006   -0.63400328],[-1.2867437  -0.17396068 -1.35880576],[-1.69148912 -1.09176087 -0.93665397],[-1.71236981 -1.08044366 -1.05534288],[-0.75242386 -0.53905756 -1.75886483],[-0.30915762 -0.1760093  -1.01569794],[-0.08413565 -0.03057665 -0.24570861],[-0.81108461 -0.01574846 -1.56017282],[-0.50327536 -1.6474893  -1.36419968],[-2.42211201 -2.3615392  -2.44955825],[-2.98642429 -3.07205877 -2.93010929],[-4.32993981 -4.20617138 -4.17034333],[-4.57238021 -4.77470249 -4.93335053],[-5.18549024 -4.91622203 -4.99558927],[-4.66647038 -4.48281586 -4.43989564],[-3.92842308 -3.89216837 -3.85785809],[-2.52614852 -2.43275504 -2.16358703],[-1.42422242 -1.44904234 -1.22937689],[-1.14475551 -1.14340199 -1.0745592 ],[-0.93285893 -0.91231911 -0.90975727],[-0.70732091 -0.67120955 -0.63008729],[-0.57623207 -0.53108572 -0.33980267],[-0.45528268 -0.46628636 -0.40971957],[-0.41793165 -0.41332379 -0.34026748],[-0.44140649 -0.40666187 -0.27529241],[-0.28731316 -0.92521128 -0.58596012],[-0.250549   -1.26028885 -0.75695225],[-0.75265379 -0.62352992 -1.57473005],[-0.21137952 -0.58868667 -1.44722925],[-0.34034273 -0.46483279 -1.94711284],[-0.32142557 -1.70721559 -0.79638177],[-0.6483919  -1.08189239 -0.67471262],[-0.31506707 -0.0613965  -0.82846582],[-0.98359621 -0.17098596 -1.39343522]
[-0.94991991 -1.8349715  -1.76915836],[-0.8914125  -0.07016168 -0.5218505 ],[-1.00071407 -0.53913037 -0.57840934],[-0.48023221 -1.63947319 -0.98729408],[-1.27602697 -0.19548912 -0.82056115],[-0.30993726 -1.23320667 -1.65696456],[-1.77375912 -0.71958842 -0.98438155],[-0.81855612 -0.96705048 -1.56999606],[-1.55920186 -1.57974584 -1.74787152],[-0.30602761 -1.04960996 -0.36733579],[-0.5572593  -1.183423   -0.56628865],[-0.91460608 -1.52758086 -1.10095077],[-0.9086431  -0.86185749 -1.48892505],[-0.43352548 -1.92029092 -1.06837726],[-0.30687879 -0.41157975 -0.47282882],[-1.2337367  -1.70603119 -1.26596322],[-0.74001007 -1.16348983 -1.07772342],[-2.15118488 -2.18482731 -2.14885765],[-2.16928902 -2.04027992 -2.05075993],[-2.10004847 -2.00644544 -2.16798643],[-1.73738458 -1.69422774 -1.47361978],[-1.29326427 -1.25852137 -1.25805245],[-0.89653137 -0.90492573 -0.62354308],[-0.63025373 -0.66598575 -0.6671505 ],[-0.56994571 -0.61457931 -0.61206911],[-0.45945904 -0.38083061 -0.34380259],[-0.30403916 -0.30992289 -0.25047643],[-0.2513198  -0.25971665 -0.18069765],[-0.23318199 -0.2294661  -0.17257556],[-0.20316695 -0.20985875 -0.17192094],[-0.30963095 -0.2827001  -0.13111601],[-0.34929991 -0.09929306 -0.57141316],[-0.77374437 -1.34382188 -1.56444392],[-0.77559441 -1.75557836 -1.0145623 ],[-0.04408982 -0.56112116 -1.9718077 ],[-1.29664114 -1.79733118 -0.58084851],[-0.04962922 -1.64361032 -1.94724934],[-0.19240322 -0.62136904 -0.44622122],[-1.39045194 -1.97874165 -0.69520378],[-0.36294037 -1.98612335 -1.21212897]
[-1.49807443 -1.88131122 -0.93540624],[-1.09773229 -0.56331024 -0.51513561],[-1.97398498 -0.82756537 -1.51318425],[-0.00327747 -0.57347159 -1.31456068],[-1.42735658 -1.70870445 -0.12972246],[-0.43574267 -0.29119126 -0.31464667],[-1.25154303 -0.34068546 -1.53522205],[-0.42508635 -0.71185101 -0.75956409],[-1.44108038 -0.12825159 -1.83357689],[-0.77794106 -0.08689034 -0.92664986],[-1.84291404 -1.54400506 -1.48874305],[-0.36695723 -0.79890391 -0.28181888],[-1.86657472 -1.55683807 -0.67470015],[-1.2280979  -1.23719438 -1.961629  ],[-0.83593128 -0.02573837 -1.85111185],[-0.24060343 -1.37897853 -0.17461931],[-0.67320213 -0.79819005 -1.07517022],[-0.69105795 -1.27943727 -0.67513116],[-0.93404657 -0.96761783 -0.85228007],[-0.75158295 -0.76032253 -0.7364916 ],[-0.55955958 -0.58312808 -0.47888558],[-0.50417368 -0.50452867 -0.37405231],[-0.33768491 -0.34102046 -0.29892624],[-0.22797663 -0.21689797 -0.13119104],[-0.13484316 -0.13685422 -0.07062156],[-0.13677471 -0.13486315 -0.10852993],[-0.09180291 -0.10440052 -0.06836407],[-0.07856754 -0.07809484 -0.05564879],[-0.07178912 -0.0724509  -0.05824186],[-0.03715342 -0.11627444 -0.20894882],[-0.05146493 -0.22341027 -0.02637514],[-0.25372617 -0.03823771 -0.00383587],[-0.38388084 -0.28643047 -1.60844783],[-1.92659523 -1.6576699  -0.22791094],[-1.02196633 -0.81611107 -0.95157249],[-0.81731546 -0.12823411 -1.67969945],[-1.4552736  -1.90510084 -0.86550069],[-0.78566051 -1.17329005 -0.71610114],[-1.72768721 -1.85928549 -1.73955739],[-0.65415717 -0.57180219 -0.68728286]
[-0.22720358 -1.59488105 -0.35045713],[-1.57079658 -1.42232746 -1.23154138],[-1.74579325 -1.57798515 -1.39853742],[-0.78870688 -1.13764657 -1.43638872],[-0.5808906  -1.89682408 -0.20618979],[-1.07251607 -1.64550092 -0.87634325],[-0.95940805 -0.59441561 -1.00869591],[-0.96351539 -1.58765891 -0.34177953],[-1.37898283 -0.23157687 -0.74459135],[-1.87812339 -1.23515607 -1.52883066],[-1.35151336 -1.30697429 -0.1837656 ],[-0.48164069 -0.17940005 -0.36714378],[-0.3374158  -1.54618859 -0.93315888],[-0.42695618 -1.45245804 -1.60661974],[-1.05430461 -0.54262474 -0.14967406],[-1.9325425  -1.38369871 -0.1968727 ],[-1.96320158 -1.22656961 -1.91197234],[-1.34002627 -0.81065576 -1.31689437],[-1.40709713 -0.88137966 -0.63088023],[-0.56385738 -0.40342853 -0.41289029],[-0.11533909 -0.06572231 -0.0342841 ],[-0.02944644 -0.0089233  -0.00790692],[-0.01932603 -0.00562612 -0.00595951],[-0.01038757 -0.00674799  0.        ],[-0.00258984  0.         -0.00240663],[-0.00400555 -0.00734941  0.        ],[ 0.         -0.00163339 -0.00152947],[-0.00274261 -0.00233749  0.        ],[-0.00093356  0.         -0.00115231],[-0.00029042 -0.00036255  0.        ],[-0.00012194  0.          0.        ],[0. 0. 0.],[-1.78552877 -0.37923786 -0.12932205],[-0.62465894 -1.84328031 -1.96186273],[-1.4262917  -1.68223575 -1.16453154],[-0.76743588 -1.10257102 -1.51095656],[-1.45466503 -0.95520419 -1.16454049],[-0.17961106 -1.63404268 -1.00401788],[-1.05786298 -1.27770625 -0.71047967],[-0.84676955 -1.16468956 -0.7182134 ]
[-0.51894342 -0.16941816 -0.95672463],[-1.5590221  -0.76633701 -1.03845849],[-0.57275893 -0.47885798 -1.21239064],[-0.31724123 -1.8090878  -0.32701635],[-1.23135254 -1.47650472 -0.97678152],[-0.11878137 -1.49981024 -1.71618196],[-0.90091972 -0.55069623 -0.49678803],[-0.63313761 -0.69870063 -0.44229047],[-0.83836864 -1.91338519 -0.58990242],[-0.38865707 -1.71537474 -0.67045897],[-1.46984044 -1.13319273 -1.04434108],[-0.91769241 -0.82602781 -1.67318922],[-1.39766196 -0.58709228 -1.13616396],[-1.08276916 -0.21266843 -1.09585274],[-1.82722884 -1.74123113 -0.41818674],[-1.79367216 -1.75734627 -1.16108355],[-1.23728623 -0.08042064 -0.96349986],[-0.90489214 -0.47277095 -0.95626525],[-0.91286018 -0.83079001 -1.10404001],[-0.11011687 -1.94298875 -1.59336419],[-1.53164028 -1.72077374 -1.39318065],[-0.266493   -0.90341531 -1.90793648],[-0.88912551 -1.30432943 -0.68348371],[-1.04080838 -1.61881825 -1.5034747 ],[-1.80657387 -1.04456495 -1.25678781],[-1.09336552 -1.31360027 -0.38303736],[-1.98426811 -1.02590129 -1.45560454],[-1.53066008 -0.81388941 -0.21196121],[-0.26346601 -1.86153717 -0.95048382],[-0.72005137 -1.8056989  -1.0742374 ],[-0.22031027 -0.93399928 -1.50318055],[-1.35891188 -1.50578222 -0.25789135],[-0.39204624 -1.84509271 -0.6953751 ],[-0.58221941 -0.81985031 -0.02248261],[-0.92451848 -0.09218691 -1.34301206],[-0.29505488 -1.43933967 -1.40971215],[-0.66197355 -0.25731773 -0.36754206],[-0.35480387 -0.54910455 -0.58653653],[-0.80245101 -0.22170151 -0.10233864],[-0.28502252 -0.88219672 -1.20032307]
[-0.70823754 -0.56146945 -0.91342126],[-0.23782493 -0.87888532 -0.43807922],[-0.58685828 -0.58252659 -1.5736281 ],[-1.74260176 -1.74962035 -0.98267829],[-1.3800303  -0.05873296 -0.3732886 ],[-1.06439621 -1.41497508 -1.73654892],[-0.30241519 -0.85876281 -1.94620711],[-1.83799761 -1.03197517 -0.3335095 ],[-0.56586507 -0.66417296 -1.69208611],[-1.1206097  -1.96096454 -1.07699467],[-1.91677948 -1.98694736 -0.21883523],[-0.06939259 -0.87590465 -1.33545799],[-0.45574058 -1.88487542 -1.83878991],[-0.20431271 -0.385868   -0.04601911],[-1.97981537 -0.75051897 -0.02002396],[-1.75111605 -0.94707066 -0.72322174],[-0.10344231 -0.65907966 -0.75657524],[-0.00540947 -1.39490398 -1.09198332],[-0.70922916 -1.44875178 -0.00863048],[-1.61681617 -0.44520455 -1.55813644],[-1.9906698  -0.09998799 -0.54501338],[-0.01533764 -1.78226204 -1.67630444],[-1.64866374 -0.12455828 -1.48854337],[-0.19541594 -0.96687712 -0.81449475],[-1.79734589 -0.29819082 -1.55955224],[-0.28347287 -1.43151237 -1.96726167],[-0.67498033 -0.10769768 -1.30320937],[-1.15743262 -1.78514318 -1.0776201 ],[-1.89059959 -0.51628159 -0.79613998],[-1.95944947 -0.28352003 -1.74563265],[-1.26540753 -1.40879009 -1.51210711],[-1.62184522 -1.87611327 -0.97564508],[-0.86465177 -1.71996084 -1.73553301],[-1.05784899 -0.73043671 -0.95312867],[-0.49188293 -0.18916863 -0.3303174 ],[-0.59357798 -0.04040098 -1.96935003],[-0.75858786 -0.33359985 -0.99761651],[-0.45914468 -0.63014148 -1.43793594],[-0.4426652  -0.8015205  -1.68887361],[-0.71232656 -0.52956793 -0.6480089 ]
